# Blender v3.0.0 OBJ File: 'knight hands.blend'
# www.blender.org
mtllib knight hands.mtl
o hand.001
v 0.144675 0.033801 0.443017
v 0.108207 0.010090 0.329488
v 0.145147 -0.018672 0.335269
v 0.105305 0.057980 0.424698
v 0.097454 0.066456 0.306924
v 0.139768 0.135897 0.385010
v 0.178734 0.089988 0.291008
v 0.137663 0.089817 0.290463
v 0.185415 0.142076 0.387539
v 0.225924 0.065537 0.305436
v 0.222027 0.082759 0.428945
v 0.226306 0.025119 0.325927
v 0.186258 0.041362 0.446055
v 0.190672 -0.013920 0.336593
v 0.127371 0.166544 0.572459
v 0.088882 0.213440 0.518036
v 0.124865 0.238738 0.502690
v 0.220646 0.121555 0.409654
v 0.188383 0.192409 0.564739
v 0.168343 0.240888 0.505701
v 0.093243 0.181444 0.549784
v 0.162894 0.175985 0.578963
v 0.196319 0.223461 0.528877
v 0.101570 0.108727 0.406646
v 0.125921 0.314513 0.645736
v 0.126835 0.381593 0.645670
v 0.105075 0.374035 0.657639
v 0.135496 0.352796 0.579254
v 0.126301 0.387660 0.632940
v 0.161201 0.345189 0.602607
v 0.068114 0.314005 0.621463
v 0.077589 0.377338 0.634211
v 0.072225 0.332852 0.590850
v 0.090690 0.366680 0.657196
v 0.094330 0.307012 0.642319
v 0.097167 0.347716 0.576911
v 0.093379 0.387566 0.624618
v 0.153460 0.326802 0.630549
v 0.116718 0.390444 0.624601
v 0.079848 0.369564 0.648705
v 0.100713 0.387882 0.647253
v 0.106754 0.247403 0.623190
v 0.071533 0.262670 0.594401
v 0.154525 0.308648 0.546498
v 0.170160 0.272967 0.605174
v 0.076707 0.284000 0.563517
v 0.108212 0.301175 0.547678
v 0.181718 0.297645 0.571424
v 0.143688 0.254057 0.621348
v 0.190563 0.068921 0.220316
v 0.092762 0.028684 0.244676
v 0.086797 -0.028826 0.263027
v 0.189938 -0.047757 0.254719
v 0.137720 0.062583 0.233121
v 0.226292 -0.012717 0.226814
v 0.231234 0.027226 0.213132
v 0.141535 -0.062440 0.257903
v 0.216619 0.257229 0.086630
v 0.219641 0.358816 0.138851
v 0.199589 0.291962 0.054825
v 0.199230 0.338300 0.020105
v 0.263932 0.430556 0.097611
v 0.286804 0.346569 0.009495
v 0.243803 0.363972 0.001966
v 0.226544 0.409372 0.113604
v 0.216907 0.419159 0.236898
v 0.223602 0.469333 0.214972
v 0.280137 0.313334 0.161228
v 0.306134 0.388045 0.246164
v 0.276181 0.370115 0.261119
v 0.315226 0.314607 0.034868
v 0.311421 0.329512 0.150465
v 0.306271 0.268750 0.068250
v 0.267779 0.241487 0.092908
v 0.237487 0.321566 0.165516
v 0.310736 0.410220 0.103167
v 0.250348 0.486334 0.191532
v 0.313321 0.431428 0.221625
v 0.332599 0.375424 0.119830
v 0.291724 0.471521 0.199281
v 0.234817 0.382782 0.255527
v 0.270839 0.432432 0.324607
v 0.255429 0.510732 0.281995
v 0.289700 0.473979 0.303609
v 0.247247 0.440740 0.322994
v 0.236682 0.470245 0.309938
v 0.235840 0.492163 0.296702
v 0.285222 0.449957 0.317503
v 0.277046 0.501736 0.291514
v 0.265340 0.478990 0.321128
v 0.171887 0.182507 0.019711
v 0.158597 0.222509 -0.027563
v 0.292827 0.187245 0.003812
v 0.264409 0.273844 -0.093610
v 0.210595 0.291002 -0.111270
v 0.299197 0.230260 -0.054926
v 0.157330 0.262653 -0.091548
v 0.230116 0.166563 0.054904
v 0.160484 0.223953 -0.232520
v 0.226954 0.088486 -0.318493
v 0.115706 0.156755 -0.358491
v 0.237645 0.191065 -0.208039
v 0.251073 0.043835 -0.193228
v 0.092137 0.205504 -0.171909
v 0.022048 0.108535 -0.110851
v 0.087251 0.157525 -0.072809
v 0.222881 0.115799 0.067511
v 0.258775 0.035495 -0.047740
v 0.273952 0.108072 -0.027374
v 0.076580 0.083227 0.037522
v 0.132100 0.126840 0.029633
v 0.276677 0.140670 -0.134830
v 0.030892 0.151178 -0.249562
v 0.221754 0.084173 0.109235
v -0.066976 0.005727 0.502575
v -0.079276 -0.025914 0.391347
v -0.053535 -0.044249 0.399971
v -0.093888 0.080498 0.450403
v -0.076639 0.028451 0.359735
v -0.049538 0.098582 0.442633
v 0.006631 0.044405 0.364269
v -0.034327 0.048640 0.354036
v -0.002194 0.095908 0.455342
v 0.039621 0.009788 0.384061
v 0.019709 0.037675 0.497096
v 0.030996 -0.021458 0.403514
v -0.021234 0.006755 0.513897
v -0.006261 -0.050719 0.409649
v -0.090459 0.151615 0.617031
v -0.072615 0.207881 0.546372
v 0.024215 0.076224 0.482371
v -0.015563 0.175688 0.609351
v -0.028038 0.209207 0.561496
v -0.114619 0.157999 0.593726
v -0.098301 0.025139 0.482417
v -0.052847 0.155170 0.626526
v -0.005511 0.191422 0.588994
v -0.114248 0.191522 0.557370
v -0.084473 0.300395 0.678956
v -0.076456 0.368718 0.679483
v -0.100505 0.362140 0.687646
v -0.038454 0.324420 0.643466
v -0.082369 0.376220 0.653581
v -0.074973 0.374510 0.667603
v -0.135557 0.301273 0.649296
v -0.126042 0.365305 0.658364
v -0.129337 0.317562 0.617394
v -0.115698 0.355406 0.685006
v -0.114923 0.296260 0.667764
v -0.100295 0.328695 0.607453
v -0.107062 0.374547 0.649929
v -0.051187 0.311141 0.668877
v -0.060249 0.331379 0.616145
v -0.124901 0.357546 0.675448
v -0.103386 0.376533 0.675785
v -0.107519 0.238395 0.652643
v -0.134464 0.246837 0.628173
v -0.042558 0.281452 0.593213
v -0.036984 0.255574 0.647112
v -0.125247 0.267081 0.589748
v -0.091217 0.279795 0.577663
v -0.070417 0.238369 0.658003
v -0.021809 0.271739 0.618489
v 0.037235 -0.001095 0.277156
v -0.065603 -0.012524 0.268751
v -0.083913 -0.078182 0.283141
v 0.007985 -0.106125 0.283554
v -0.017291 0.007569 0.272425
v 0.064410 -0.037959 0.274541
v -0.042543 -0.110065 0.276478
v 0.049237 -0.084969 0.271625
v -0.229818 -0.077417 0.326547
v -0.274377 0.000435 0.383492
v -0.256419 -0.046646 0.297501
v -0.245107 0.004636 0.291258
v -0.207269 0.021992 0.303375
v -0.181351 0.060945 0.379377
v -0.164058 0.006622 0.314219
v -0.156316 0.028324 0.399442
v -0.131074 -0.045237 0.297850
v -0.156553 -0.063484 0.341428
v -0.172030 -0.006978 0.421396
v -0.191652 -0.076127 0.348467
v -0.263475 0.053040 0.372967
v -0.208721 -0.022924 0.432488
v -0.268574 0.107465 0.508394
v -0.244278 -0.021987 0.419920
v -0.221615 0.071294 0.368770
v -0.282441 0.141215 0.459458
v -0.235201 0.162642 0.451423
v -0.182358 0.134165 0.497053
v -0.194388 0.124145 0.516851
v -0.200864 0.152499 0.470935
v -0.290346 0.122919 0.481854
v -0.233586 0.110707 0.526311
v -0.221199 0.252145 0.579844
v -0.261642 0.294274 0.597765
v -0.254092 0.242607 0.584825
v -0.210425 0.271998 0.556464
v -0.236791 0.315153 0.571571
v -0.233135 0.309324 0.583279
v -0.295801 0.245097 0.556683
v -0.281702 0.307973 0.569969
v -0.287354 0.258838 0.528468
v -0.279794 0.295458 0.590099
v -0.282250 0.240601 0.571703
v -0.255106 0.271528 0.518836
v -0.262198 0.317154 0.565941
v -0.237389 0.301380 0.593612
v -0.224634 0.272690 0.531799
v -0.284053 0.300006 0.582785
v -0.262494 0.313382 0.589524
v -0.297166 0.193022 0.531150
v -0.246097 0.222330 0.491329
v -0.207977 0.225406 0.504450
v -0.195250 0.213393 0.532389
v -0.210714 0.196234 0.558084
v -0.286968 0.208982 0.504386
v -0.281393 0.184243 0.553115
v -0.244616 0.181390 0.564276
v -0.143817 -0.023813 0.255177
v -0.230956 -0.030781 0.233239
v -0.250439 -0.088457 0.207228
v -0.172704 -0.127666 0.245146
v -0.189798 -0.017973 0.236923
v -0.109481 -0.086384 0.267680
v -0.215108 -0.126582 0.232610
v -0.127010 -0.109859 0.253224
v -0.352658 -0.092004 0.249861
v -0.412625 -0.027702 0.306615
v -0.392909 -0.078915 0.228071
v -0.407569 -0.042766 0.211518
v -0.386664 -0.020275 0.200706
v -0.361001 0.025368 0.277136
v -0.344927 -0.009264 0.203722
v -0.311028 -0.020796 0.218870
v -0.328938 0.020059 0.297646
v -0.298825 -0.057869 0.250555
v -0.340629 -0.038268 0.335403
v -0.317103 -0.082651 0.256513
v -0.401481 0.024683 0.272749
v -0.400259 0.066330 0.432969
v -0.373948 -0.051758 0.328812
v -0.438040 0.096627 0.375592
v -0.412167 0.113613 0.357376
v -0.317264 -0.011777 0.323968
v -0.342839 0.105114 0.387329
v -0.346227 0.088064 0.421574
v -0.377908 0.115991 0.361636
v -0.429514 0.076240 0.406940
v -0.372216 0.073236 0.435989
v -0.421947 -0.002799 0.288719
v -0.357158 0.216221 0.457699
v -0.381055 0.244815 0.471604
v -0.376329 0.198253 0.472200
v -0.385555 0.234252 0.409347
v -0.368033 0.260403 0.443573
v -0.355802 0.226955 0.425923
v -0.436044 0.207584 0.421797
v -0.420745 0.243870 0.462861
v -0.423261 0.257127 0.446540
v -0.400761 0.193730 0.472057
v -0.401731 0.247758 0.471671
v -0.415924 0.230714 0.407097
v -0.409903 0.266425 0.433475
v -0.368929 0.253811 0.462127
v -0.391208 0.269511 0.435172
v -0.427125 0.190469 0.453919
v -0.398672 0.270125 0.455372
v -0.431230 0.137184 0.444553
v -0.415459 0.176145 0.384772
v -0.380244 0.182356 0.387352
v -0.351043 0.155825 0.444389
v -0.439620 0.154625 0.406232
v -0.404563 0.133381 0.461628
v -0.351199 0.176241 0.406461
v -0.377716 0.140341 0.459281
v -0.302339 -0.039059 0.179174
v -0.337427 -0.032649 0.161199
v -0.389502 -0.076378 0.142188
v -0.373092 -0.101834 0.151077
v -0.297488 -0.120898 0.185134
v -0.375161 -0.053653 0.140701
v -0.341251 -0.118025 0.176567
v -0.267675 -0.084307 0.197103
v -0.080586 0.023154 0.047175
v -0.064046 0.071442 -0.377402
v -0.091227 0.058176 -0.252591
v -0.093506 0.023430 -0.113133
v -0.166108 0.007775 -0.045558
v -0.173406 -0.008684 0.039039
v -0.203348 -0.009178 -0.378041
v -0.216853 -0.011268 -0.255122
v -0.223142 -0.021010 -0.123797
v -0.233246 -0.031590 0.031022
v -0.293648 -0.040212 -0.054295
v -0.302173 -0.051906 0.027122
v -0.293662 -0.092582 -0.373249
v -0.317385 -0.084015 -0.268654
v -0.337823 -0.084891 -0.135740
v -0.351622 -0.132923 0.022120
v -0.356173 -0.084006 0.023943
v -0.298880 -0.159169 -0.261007
v -0.322645 -0.143082 -0.128257
v -0.230298 -0.182343 0.051727
v -0.127708 -0.195021 -0.018156
v -0.138612 -0.184821 0.071005
v -0.173411 -0.222246 -0.240752
v -0.015460 -0.240905 -0.341862
v -0.029619 -0.218596 -0.213317
v -0.193961 -0.202973 -0.128285
v -0.037959 -0.194533 -0.066160
v 0.126423 -0.171261 -0.326659
v 0.116943 -0.160761 -0.198518
v 0.114631 -0.147987 -0.073592
v 0.108422 -0.138971 0.102511
v 0.030103 -0.172394 0.016368
v 0.112650 -0.144899 -0.012315
v 0.236167 -0.023481 0.089051
v 0.181175 -0.096046 0.018140
v 0.225327 -0.040465 -0.057317
v 0.222184 -0.037736 -0.204824
v 0.223656 -0.019068 -0.333847
v -0.287610 -0.182291 -0.368726
v -0.277667 -0.172427 -0.051025
v -0.299333 -0.161956 0.037794
v 0.059746 -0.106207 0.238632
v -0.041782 -0.134214 0.228632
v 0.017778 -0.143967 0.204570
v 0.094281 -0.108962 0.209159
v -0.073569 -0.143721 0.198648
v 0.022963 -0.158424 0.147538
v -0.117740 -0.141666 0.203150
v -0.208778 -0.150142 0.187459
v -0.157652 -0.157178 0.183881
v -0.150535 -0.174093 0.133520
v 0.187997 -0.069924 0.195770
v 0.225691 -0.027879 0.183338
v 0.138295 -0.087430 0.216560
v 0.182797 -0.089105 0.132929
v 0.234587 -0.019705 0.131120
v 0.026559 0.013613 0.229599
v -0.018297 0.008454 0.222319
v -0.072671 -0.010386 0.221469
v -0.016212 0.010070 0.170515
v -0.104543 -0.007611 0.184036
v 0.132347 0.056223 0.191258
v 0.082952 0.028955 0.211954
v 0.187875 0.065656 0.184224
v 0.124732 0.060707 0.151489
v 0.054099 0.022954 0.166814
v 0.050236 0.006425 0.241926
v 0.070559 0.009543 0.237527
v -0.326113 -0.136911 0.130877
v -0.291273 -0.139186 0.152460
v -0.370816 -0.124251 0.082777
v -0.310255 -0.154166 0.077713
v -0.240609 -0.160749 0.138591
v -0.127532 -0.021817 0.222379
v -0.183926 -0.022834 0.194719
v -0.231903 -0.038427 0.185353
v -0.179762 -0.014121 0.146826
v -0.250592 -0.029523 0.124833
v -0.329656 -0.043489 0.127539
v -0.374324 -0.067441 0.114464
v -0.284592 -0.043248 0.150555
v -0.322789 -0.043384 0.093002
v -0.380877 -0.077876 0.074503
v -0.090448 -0.028450 0.259117
v -0.115380 -0.031044 0.251349
v -0.250729 -0.056374 0.195088
v -0.270519 -0.052072 0.176865
v -0.368947 -0.111559 0.116530
v -0.062363 -0.177762 0.083783
v -0.208778 -0.193503 -0.054274
v 0.030271 -0.164094 0.097816
v 0.185890 -0.090976 0.084483
v -0.232139 -0.014567 -0.050128
v 0.234600 0.023026 0.173176
v 0.238739 0.026321 0.143282
v 0.187380 0.070216 0.141913
v 0.045820 0.041930 0.110019
v -0.015192 0.006096 0.124937
v 0.184615 -0.049641 -0.580853
v 0.095123 0.036753 -0.586385
v -0.048167 0.043005 -0.580471
v -0.181433 -0.037204 -0.573873
v -0.236341 -0.186914 -0.571717
v 0.120538 -0.202447 -0.578349
v -0.154366 -0.247940 -0.360755
v -0.011826 -0.277553 -0.572357
v -0.173328 -0.274786 -0.570714
v -0.179650 -0.300176 -0.907770
v -0.027998 -0.319436 -0.923448
v -0.207419 -0.044593 -0.923362
v 0.095401 0.010342 -0.963412
v -0.253111 -0.190725 -0.904415
v 0.124653 -0.250367 -0.941947
v 0.181274 -0.090518 -0.960541
v -0.069161 0.029283 -0.947442
v 0.232242 0.110862 0.460244
v 0.208037 0.175572 0.523895
v 0.214415 0.176401 0.525750
v 0.235698 -0.011483 0.218706
v 0.242334 0.056449 0.384690
v 0.242217 -0.016562 0.216867
v 0.197757 0.242418 0.576622
v 0.147042 0.370905 0.636311
v 0.153619 0.371612 0.639750
v 0.092443 0.215605 0.587093
v 0.065905 0.344757 0.649926
v 0.071789 0.347049 0.645646
v 0.101542 0.075220 0.466693
v 0.102247 0.145050 0.536771
v 0.108869 0.078600 0.464929
v 0.110120 -0.054229 0.271262
v 0.112298 0.024350 0.391566
v 0.114151 -0.049008 0.267373
v 0.140546 0.366188 0.656071
v 0.111667 0.354916 0.660521
v 0.113220 0.353313 0.667100
v 0.081360 0.347863 0.664090
v 0.083147 0.350394 0.657360
v 0.137155 0.367234 0.649972
v 0.238147 0.079644 0.421020
v 0.241469 0.110835 0.461508
v 0.246966 0.079388 0.422455
v 0.234201 0.059217 0.383021
v 0.229575 0.079932 0.419678
v 0.200934 0.207803 0.552020
v 0.207427 0.209224 0.553893
v 0.085938 0.212474 0.590554
v 0.097862 0.180163 0.565666
v 0.090782 0.176511 0.567433
v 0.110427 0.047892 0.430578
v 0.103805 0.043640 0.433215
v 0.104808 0.020279 0.394058
v 0.224560 0.111302 0.458354
v 0.251722 0.057016 0.385334
v 0.096799 0.142613 0.539495
v 0.190430 0.241282 0.573944
v 0.025056 0.067597 0.517137
v -0.000815 0.145368 0.579648
v 0.006835 0.145305 0.583592
v 0.055134 -0.105874 0.242488
v 0.040932 0.009212 0.447510
v 0.059792 -0.111786 0.243599
v -0.051863 0.350496 0.679122
v -0.014826 0.219442 0.616356
v -0.056087 0.360531 0.675385
v -0.125639 0.200167 0.610907
v -0.142832 0.343738 0.667777
v -0.136554 0.347538 0.665979
v -0.108675 0.047099 0.509970
v -0.115008 0.122780 0.570471
v -0.101520 0.050079 0.507612
v -0.099577 -0.004737 0.444091
v -0.054923 -0.125588 0.236348
v -0.057983 -0.131928 0.237631
v -0.068321 0.352899 0.698105
v -0.095684 0.348957 0.697940
v -0.095903 0.345001 0.703548
v -0.126102 0.345802 0.692777
v -0.123137 0.348331 0.687608
v -0.070358 0.355822 0.691831
v 0.029716 0.034841 0.484455
v 0.037398 0.034198 0.486566
v -0.007327 0.181733 0.597605
v 0.000501 0.180986 0.601933
v -0.133041 0.197381 0.614459
v -0.120404 0.161877 0.590941
v -0.128077 0.158644 0.593981
v -0.104892 0.016781 0.479952
v -0.097927 0.019600 0.477618
v -0.091870 -0.000844 0.443000
v 0.017760 0.067066 0.514852
v -0.120969 0.121294 0.572982
v -0.008964 0.218773 0.621154
v -0.162082 0.039389 0.449314
v -0.184070 0.119078 0.504835
v -0.177519 0.117101 0.508886
v -0.121042 -0.131567 0.215852
v -0.149235 -0.014765 0.403361
v -0.116716 -0.136878 0.219043
v -0.186553 0.180821 0.543041
v -0.219687 0.294467 0.584941
v -0.215228 0.293913 0.590988
v -0.294811 0.286297 0.571908
v -0.307366 0.177845 0.524813
v -0.300803 0.286252 0.576885
v -0.286860 0.029683 0.425450
v -0.292640 0.117834 0.486843
v -0.279302 0.032218 0.423362
v -0.275201 -0.027798 0.381340
v -0.224643 -0.148644 0.185199
v -0.227077 -0.156244 0.186739
v -0.237187 0.289640 0.605954
v -0.260299 0.286923 0.601521
v -0.261196 0.285215 0.607463
v -0.284641 0.287733 0.591685
v -0.288985 0.285865 0.596038
v -0.239489 0.291193 0.599869
v -0.155289 0.010772 0.427770
v -0.154462 -0.010970 0.399149
v -0.162351 0.012859 0.424141
v -0.181838 0.148004 0.525318
v -0.188752 0.150013 0.521686
v -0.295530 0.147087 0.503352
v -0.303945 0.144211 0.506076
v -0.275121 0.002854 0.403135
v -0.282921 -0.001033 0.404545
v -0.269625 -0.022530 0.378078
v -0.170043 0.040661 0.444257
v -0.300191 0.115009 0.489422
v -0.193245 0.181418 0.538953
v -0.319669 -0.009754 0.345858
v -0.346415 0.079833 0.417436
v -0.340411 0.078135 0.421115
v -0.280571 -0.144886 0.147223
v -0.304380 -0.054012 0.297139
v -0.279032 -0.151029 0.149606
v -0.360634 0.238354 0.469625
v -0.352402 0.142569 0.447786
v -0.365203 0.238146 0.463898
v -0.433271 0.236597 0.443071
v -0.446300 0.146302 0.427248
v -0.439681 0.237368 0.445814
v -0.441237 0.077641 0.394906
v -0.420520 -0.006479 0.316970
v -0.426966 -0.009623 0.318804
v -0.417504 -0.050707 0.261218
v -0.367696 -0.126067 0.090075
v -0.370731 -0.132290 0.089946
v -0.381491 0.242248 0.482119
v -0.402568 0.245275 0.475303
v -0.405540 0.244849 0.481631
v -0.423994 0.242745 0.463084
v -0.427808 0.242731 0.468348
v -0.383520 0.243276 0.476037
v -0.307791 -0.033549 0.321892
v -0.308194 -0.049841 0.293172
v -0.315373 -0.029841 0.317914
v -0.348922 0.107287 0.431135
v -0.341513 0.106863 0.436106
v -0.444941 0.111540 0.412974
v -0.439058 0.146241 0.426471
v -0.436395 0.112886 0.412672
v -0.415551 -0.032226 0.290979
v -0.423996 -0.035191 0.291757
v -0.410013 -0.047723 0.260639
v -0.325930 -0.008225 0.341758
v -0.434321 0.079840 0.394525
v -0.346805 0.141607 0.451247
v 0.096915 0.038934 0.435958
v 0.207130 0.243956 0.578605
v 0.217140 0.209172 0.555735
v 0.083035 0.168902 0.568347
v 0.094117 0.070928 0.469940
v 0.077041 0.209751 0.592964
v 0.223999 0.177752 0.527509
v 0.193463 -0.069713 0.234791
v 0.150275 0.002526 0.413455
v 0.152716 -0.080503 0.241171
v 0.224944 -0.046629 0.223978
v 0.222049 0.023885 0.406472
v 0.181076 0.063863 0.494696
v 0.134063 0.130721 0.562235
v 0.145902 0.058982 0.491595
v 0.212345 0.080765 0.484099
v 0.196708 0.151280 0.553543
v 0.116416 0.203572 0.612308
v 0.184076 0.225629 0.601599
v 0.172642 0.133425 0.569736
v 0.133327 0.125627 0.568281
v 0.115072 0.199339 0.619661
v 0.188667 0.005015 0.417193
v 0.148738 -0.004577 0.417441
v 0.184610 0.058144 0.500384
v 0.218748 0.076426 0.488488
v 0.145593 0.052626 0.497547
v 0.227811 0.018713 0.410308
v 0.153652 0.210427 0.614829
v 0.187011 0.221781 0.610095
v 0.202977 0.148889 0.558147
v 0.170827 0.138075 0.563653
v 0.191140 -0.000692 0.421445
v 0.098372 0.015158 0.396536
v 0.155774 0.207036 0.622191
v 0.087831 0.139143 0.541759
v -0.107054 -0.009086 0.445353
v -0.112736 0.011443 0.482354
v 0.034143 0.067754 0.521003
v 0.046171 0.033666 0.489652
v 0.000025 0.218503 0.625173
v 0.007546 0.180474 0.606363
v -0.135036 0.155609 0.597421
v 0.050432 0.007559 0.449640
v -0.116683 0.043969 0.512287
v -0.140638 0.194467 0.618542
v 0.014828 0.145137 0.588330
v 0.007490 -0.143431 0.246094
v -0.061055 -0.031474 0.471576
v -0.029562 -0.142356 0.240489
v 0.019619 -0.017369 0.472408
v 0.041422 -0.127677 0.242212
v -0.033616 0.028538 0.552911
v -0.087119 0.111287 0.610399
v -0.073306 0.030094 0.543228
v 0.002004 0.045686 0.541674
v -0.019086 0.126109 0.610029
v -0.098982 0.192594 0.644824
v -0.034462 0.204356 0.644612
v -0.048974 0.114830 0.619402
v -0.089635 0.107389 0.617760
v -0.101954 0.188574 0.652161
v -0.019508 -0.034230 0.479981
v -0.063172 -0.038948 0.475502
v 0.006172 0.042343 0.548422
v -0.076996 0.023966 0.548485
v 0.023910 -0.022971 0.477192
v -0.064053 0.195970 0.652151
v -0.030841 0.201743 0.652389
v -0.013666 0.123902 0.616794
v -0.048937 0.111595 0.627726
v -0.017851 -0.041058 0.484017
v -0.033604 0.023274 0.559842
v -0.064286 0.192828 0.660453
v -0.129607 0.117559 0.576577
v -0.284947 -0.030114 0.381216
v -0.290195 -0.004865 0.407084
v -0.155275 0.038331 0.453664
v -0.147036 0.008576 0.432439
v -0.178743 0.179822 0.547268
v -0.173684 0.145620 0.529820
v -0.311295 0.141097 0.508158
v -0.139728 -0.015793 0.406957
v -0.295113 0.027085 0.428717
v -0.314925 0.174874 0.527716
v -0.169609 0.114946 0.514019
v -0.167970 -0.164699 0.200881
v -0.248227 -0.047665 0.405311
v -0.201800 -0.164111 0.192622
v -0.176265 -0.041412 0.418111
v -0.135122 -0.154010 0.205828
v -0.259111 0.010282 0.458347
v -0.241626 0.096994 0.527051
v -0.273723 0.100244 0.516055
v -0.203426 0.103556 0.524636
v -0.191701 0.016082 0.468095
v -0.280691 0.161164 0.555110
v -0.214159 0.164178 0.563176
v -0.277907 0.096138 0.523346
v -0.285950 0.157216 0.560371
v -0.215633 -0.062152 0.427182
v -0.254718 -0.052580 0.409022
v -0.227738 0.005005 0.471798
v -0.188809 0.011644 0.475259
v -0.267252 0.006104 0.460932
v -0.172828 -0.046395 0.424811
v -0.246332 0.154008 0.573806
v -0.210221 0.160962 0.570137
v -0.203729 0.098836 0.532566
v -0.241117 0.093262 0.535598
v -0.213830 -0.056254 0.421144
v -0.245771 0.158471 0.566629
v -0.228397 0.000181 0.478903
v -0.308309 0.112304 0.492364
v -0.425939 -0.054114 0.262388
v -0.431027 -0.037967 0.292357
v -0.311565 -0.011837 0.351059
v -0.301330 -0.037636 0.324088
v -0.334868 0.105852 0.440833
v -0.453794 0.109603 0.413541
v -0.294512 -0.055855 0.301125
v -0.436665 -0.011677 0.319278
v -0.456587 0.145083 0.427971
v -0.331908 0.076434 0.425898
v -0.326273 -0.157199 0.110355
v -0.397150 -0.073676 0.287124
v -0.349216 -0.148063 0.099600
v -0.334001 -0.075401 0.306071
v -0.300458 -0.160709 0.125087
v -0.380596 -0.038466 0.359613
v -0.423937 0.062896 0.428712
v -0.408006 -0.030766 0.344500
v -0.350330 -0.031149 0.360781
v -0.367029 0.063657 0.442177
v -0.405136 0.133401 0.474619
v -0.431189 0.136363 0.462491
v -0.374170 0.134186 0.473513
v -0.396550 0.058317 0.444298
v -0.429119 0.058236 0.435707
v -0.436604 0.133304 0.469027
v -0.364547 -0.081269 0.302912
v -0.402460 -0.080338 0.289647
v -0.346490 -0.036484 0.367004
v -0.413990 -0.036743 0.347915
v -0.329799 -0.081440 0.311107
v -0.372433 0.131222 0.481898
v -0.363549 0.060782 0.451077
v -0.397266 0.054550 0.452005
v -0.338335 0.140216 0.457345
v -0.365413 -0.088799 0.306660
v -0.382152 -0.044957 0.365422
v -0.406216 0.129980 0.482957
v -0.451191 0.075716 0.396113
v 0.224751 0.043505 0.450918
v 0.190221 0.022785 0.464148
v 0.149895 0.017571 0.461626
v 0.197366 0.183813 0.588288
v 0.125935 0.158903 0.598132
v 0.165779 0.167458 0.600340
v 0.017163 0.000849 0.522337
v -0.070760 -0.014279 0.518325
v -0.022635 0.161630 0.637317
v -0.055449 0.149960 0.648452
v -0.096704 0.147195 0.637008
v -0.023785 -0.016179 0.532795
v -0.178871 -0.022102 0.454317
v -0.261691 -0.029273 0.439339
v -0.206758 0.128196 0.555026
v -0.280970 0.125073 0.543814
v -0.244321 0.120900 0.556966
v -0.222617 -0.037582 0.457966
v -0.336065 -0.064308 0.343204
v -0.374426 -0.072621 0.341585
v -0.410500 -0.061165 0.322695
v -0.368774 0.093852 0.470831
v -0.435825 0.093730 0.455579
v -0.402530 0.090674 0.471994
v 0.226858 0.314151 -0.116968
v 0.291378 0.306676 -0.071494
v 0.287990 0.282652 -0.110652
v 0.325956 0.206716 -0.063071
v 0.322654 0.274169 -0.054249
v 0.330377 0.232105 -0.026079
v 0.276369 0.434754 0.060158
v 0.326934 0.431917 0.110631
v 0.327780 0.411215 0.075325
v 0.351904 0.329875 0.129415
v 0.354526 0.396064 0.136880
v 0.348545 0.351197 0.162311
v 0.359508 0.374155 0.100401
v 0.318882 0.248274 -0.093110
v 0.325561 0.295620 0.151529
v 0.321556 0.314708 0.182351
v 0.319018 0.195690 0.002209
v 0.314544 0.167137 -0.030792
v 0.314610 0.177522 -0.098599
v 0.306295 0.138559 -0.067948
v 0.276684 0.256893 -0.144160
v 0.305181 0.220652 -0.129406
v 0.349910 0.307380 0.088888
v 0.324121 0.269281 0.112654
v 0.354628 0.346956 0.062057
v 0.323202 0.384427 0.038576
v 0.094901 -0.567186 -1.681603
v -0.107524 -0.623975 -1.662045
v 0.111326 -0.633597 -1.816893
v -0.096352 -0.571689 -1.518172
v -0.280435 -0.484733 -1.442111
v -0.098542 -0.568620 -1.551589
v -0.281487 -0.485329 -1.405471
v -0.380368 -0.376077 -1.377575
v -0.380417 -0.375940 -1.346440
v -0.420295 -0.179939 -1.348765
v -0.301462 0.140328 -1.302103
v -0.159917 0.212359 -1.343191
v -0.304025 0.134449 -1.339550
v -0.156298 0.216740 -1.306190
v 0.047431 0.223780 -1.345401
v 0.302146 0.009041 -1.370707
v 0.337270 -0.144454 -1.348042
v 0.341964 -0.140920 -1.394628
v 0.304948 -0.307537 -1.439251
v 0.303545 -0.306896 -1.477741
v 0.217687 -0.460089 -1.579770
v 0.098522 -0.577822 -1.635284
v 0.215480 -0.462466 -1.536420
v 0.048794 0.222925 -1.298202
v 0.198197 0.147222 -1.352438
v -0.411704 -0.015506 -1.302622
v -0.404113 0.000143 -1.339731
v 0.068261 0.116640 -0.775901
v -0.095733 0.077908 -0.548671
v 0.061822 0.100615 -0.549654
v -0.110654 0.117516 -0.777561
v -0.223755 0.007856 -0.549884
v -0.314065 -0.128441 -0.779697
v -0.273473 -0.251731 -0.550366
v -0.286228 -0.127112 -0.556006
v -0.084966 -0.399675 -0.853347
v 0.020080 -0.340477 -0.547065
v -0.078300 -0.346164 -0.547201
v -0.278776 -0.279735 -0.794160
v -0.191002 -0.310535 -0.551867
v -0.195211 -0.353377 -0.823296
v 0.143886 -0.325330 -0.845810
v 0.037405 -0.392851 -0.869525
v -0.257894 0.038612 -0.775434
v 0.248596 -0.108109 -0.773369
v 0.201088 -0.197678 -0.532789
v 0.215018 -0.222075 -0.810112
v 0.191923 0.032359 -0.771562
v 0.183310 0.029555 -0.538422
v 0.240640 -0.096251 -0.522091
v 0.123152 -0.282779 -0.542421
v 0.172253 -0.374552 -1.142717
v 0.243695 -0.253614 -1.086672
v 0.304392 0.001345 -1.320772
v 0.273276 -0.124352 -1.016228
v 0.214532 0.034841 -1.009299
v 0.176303 0.117244 -1.154905
v -0.313294 0.090605 -1.162953
v -0.286489 0.067593 -0.994229
v 0.062762 -0.459006 -1.188989
v -0.087694 -0.475221 -1.153538
v -0.225778 -0.409832 -1.086290
v -0.308399 -0.315464 -1.026940
v -0.423540 -0.178544 -1.315823
v -0.351309 -0.131025 -1.002877
v -0.142978 0.185071 -1.147775
v -0.126538 0.157247 -0.998586
v 0.048771 0.186598 -1.151713
v 0.051035 0.153590 -1.000355
v 0.260129 -0.064254 -0.098190
v 0.191556 -0.123494 0.032137
v 0.183945 -0.142368 -0.136692
v -0.114501 -0.253648 -0.134530
v -0.249273 -0.210311 -0.017576
v -0.216415 -0.234319 -0.154300
v -0.312088 -0.177577 -0.176963
v -0.349495 -0.164539 -0.048420
v -0.011480 -0.242511 -0.128953
v -0.131168 -0.234527 0.011583
v 0.103273 -0.175444 0.031968
v 0.095742 -0.205961 -0.126198
v 0.185085 -0.152868 -0.223451
v 0.102339 -0.229723 -0.240682
v -0.105188 -0.281604 -0.242547
v -0.293020 -0.193618 -0.274632
v -0.001910 -0.274390 -0.247662
v -0.204971 -0.253585 -0.256194
v 0.242844 -0.066541 -0.207901
v 0.183288 -0.167520 -0.350107
v -0.094182 -0.309083 -0.368262
v -0.199293 -0.271350 -0.368148
v 0.008519 -0.298870 -0.366918
v -0.285512 -0.216655 -0.386448
v 0.108867 -0.248074 -0.361500
v -0.237145 -0.201807 0.121070
v -0.168624 -0.198475 0.219843
v -0.252105 -0.171699 0.178044
v 0.020215 -0.182261 0.135949
v 0.101911 -0.147797 0.149664
v -0.310992 -0.175138 0.073158
v -0.237725 -0.193155 0.112896
v -0.337963 -0.169414 0.155597
v -0.314725 -0.188280 0.078925
v -0.070683 -0.199336 0.157154
v 0.009522 -0.181030 0.246310
v -0.079285 -0.170826 0.223857
v 0.105097 -0.156843 0.158062
v 0.022567 -0.193005 0.143082
v -0.382510 -0.135615 0.062645
v -0.397538 -0.114513 0.117622
v -0.146329 -0.218261 0.124239
v 0.194062 -0.109898 0.236506
v 0.096260 -0.127626 0.234602
v 0.194382 -0.117930 0.136416
v 0.258114 -0.005747 0.197581
v -0.090669 -0.120410 0.272350
v -0.186338 -0.138845 0.292401
v -0.264770 -0.128455 0.227643
v -0.351288 -0.130251 0.224349
v 0.086715 -0.075766 0.282762
v 0.255192 0.007042 0.249068
v 0.185877 -0.057427 0.307723
v -0.001997 -0.127605 0.323229
v -0.408849 -0.097104 0.173759
v 0.238511 -0.078945 -0.318032
v 0.270850 0.023902 -0.202034
v 0.253319 -0.012886 -0.203191
v 0.239582 -0.036293 -0.316621
v 0.238087 0.036497 -0.368970
v 0.261422 0.149902 -0.253403
v 0.275790 0.106974 -0.231814
v 0.170434 0.129052 -0.383751
v 0.219557 0.197176 -0.261571
v 0.147817 0.170717 -0.362741
v 0.175257 0.233704 -0.257680
v 0.239598 0.003783 -0.337416
v 0.274901 0.064037 -0.208609
v 0.268749 0.012182 -0.101623
v 0.283393 0.078621 -0.087873
v 0.297580 0.138447 -0.065933
v 0.304164 0.177778 -0.099063
v 0.213226 0.288329 -0.149062
v 0.266901 0.252525 -0.142051
v 0.296221 0.217957 -0.126164
v 0.191403 -0.110985 0.129843
v 0.262472 -0.027974 0.129954
v -0.072424 -0.192649 0.150631
v -0.147779 -0.212502 0.118004
v -0.373986 -0.135564 0.060360
v 0.264509 -0.042914 0.027782
v -0.015946 -0.218560 0.020815
v -0.284559 -0.540661 -1.569639
v -0.107788 -0.615897 -1.681270
v 0.110540 -0.625276 -1.828626
v -0.346882 0.163497 -1.429358
v -0.176912 0.253201 -1.453922
v -0.341937 0.152992 -1.446615
v 0.241920 -0.500610 -1.723092
v 0.251797 -0.506050 -1.697469
v 0.380927 -0.154427 -1.507532
v 0.334207 0.021944 -1.483417
v 0.344873 0.023840 -1.470930
v 0.050988 0.276250 -1.441216
v 0.216009 0.177385 -1.464572
v 0.047162 0.270309 -1.456692
v -0.177152 0.262027 -1.437404
v 0.330774 -0.342386 -1.616845
v 0.339853 -0.346639 -1.593026
v -0.464846 -0.198271 -1.439999
v -0.441798 0.013076 -1.443927
v -0.455149 -0.197551 -1.457893
v 0.375095 -0.158524 -1.524569
v -0.419880 -0.407610 -1.466789
v -0.411897 -0.403817 -1.487775
v -0.290590 -0.543835 -1.546708
v -0.447575 0.015928 -1.427996
v 0.224835 0.188166 -1.445677
v 0.319587 0.234126 -0.025504
v 0.346663 0.344171 0.064496
v 0.341193 0.308854 0.086739
v 0.286136 0.303707 -0.066443
v 0.266013 0.405025 0.029962
v 0.317269 0.379475 0.042343
v 0.346000 0.395235 0.136724
v 0.299684 0.449563 0.316974
v 0.341189 0.357347 0.160251
v 0.321141 0.427234 0.114644
v 0.270122 0.519553 0.254873
v 0.289160 0.506610 0.286178
v 0.315437 0.322223 0.179401
v 0.315157 0.271943 -0.050968
v 0.218268 0.295230 -0.151105
v 0.275640 0.447614 0.102222
v 0.273969 0.455860 0.096174
v 0.237715 0.333017 -0.072570
v 0.238306 0.337093 -0.077848
v 0.300360 0.482112 0.308509
v 0.317800 0.280942 0.107801
v 0.289564 0.412016 0.319279
v 0.308196 0.199688 0.001704
v 0.202184 0.144808 -1.309053
v -0.377276 -0.029540 -1.145298
v -0.402859 -0.092612 0.173215
v -0.390132 -0.110229 0.116864
v -0.256924 -0.233725 -0.548936
v -0.371057 -0.127086 0.062931
v -0.290875 -0.184659 -0.276137
v -0.273784 -0.204093 -0.387895
v -0.309920 -0.169198 -0.178376
v -0.342292 -0.147252 -0.050519
v -0.369631 -0.128720 0.057460
v 0.256499 -0.023276 0.126688
v 0.257614 -0.038676 0.027125
v 0.249392 -0.018694 0.125013
v 0.250491 -0.004321 0.196880
v 0.248173 0.008748 0.248382
v 0.244535 -0.005587 0.193791
v 0.183876 -0.050532 0.305031
v 0.086533 -0.068850 0.277610
v -0.186798 -0.133246 0.288170
v -0.264048 -0.121743 0.223435
v -0.003458 -0.121340 0.320918
v -0.090813 -0.113222 0.267166
v -0.349016 -0.124483 0.221809
v 0.063217 0.092590 -0.545404
v 0.178932 0.023254 -0.536149
v -0.218797 0.002584 -0.549604
v -0.093593 0.069867 -0.548217
v -0.278088 -0.126449 -0.551009
v 0.222181 -0.090939 -0.521199
v 0.232021 -0.074193 -0.320222
v 0.143675 0.165916 -0.358357
v 0.171278 0.230558 -0.252611
v 0.208398 0.284316 -0.144653
v 0.210713 0.063610 -0.383783
v 0.165535 0.123274 -0.380046
v 0.233162 0.002229 -0.336124
v 0.226625 0.033647 -0.366109
v 0.220021 0.068005 -0.387166
v 0.232762 -0.036449 -0.318451
v 0.276596 0.078353 -0.086025
v 0.262332 0.014245 -0.098652
v 0.246662 -0.050894 -0.095266
v 0.287840 0.141746 -0.063032
v 0.264349 0.398333 0.034790
v 0.271709 0.441282 0.105256
v 0.267927 0.515883 0.260745
v 0.283227 0.416785 0.314940
v 0.310042 0.280226 0.106406
v 0.302595 0.202708 0.000337
v 0.294197 0.483556 0.306759
v 0.293795 0.454208 0.316055
v 0.282780 0.503799 0.285521
v 0.305373 0.169103 -0.031802
v 0.223939 0.309247 -0.113701
v 0.274128 0.427531 0.064732
v 0.318102 0.305207 0.151375
v 0.222839 0.302683 -0.107410
v 0.272824 0.420400 0.069402
v 0.310096 0.326318 0.174903
v 0.314476 0.312773 0.147225
v 0.299205 0.171254 -0.031609
v 0.233958 0.324041 -0.066864
v 0.268029 0.412436 0.024661
v -0.399052 -0.395535 -1.484761
v -0.133736 -0.303277 -1.267912
v -0.269752 -0.528569 -1.571986
v 0.314864 -0.336165 -1.612506
v 0.083900 -0.271280 -1.324100
v 0.112808 -0.216256 -1.285026
v 0.205807 0.166143 -1.458153
v 0.012627 0.062853 -1.209452
v 0.044091 0.250596 -1.455961
v -0.438907 -0.196379 -1.455822
v -0.200369 -0.243629 -1.231304
v 0.321167 0.018596 -1.481874
v 0.133241 -0.136603 -1.249812
v 0.120914 -0.041940 -1.219825
v -0.100005 -0.598581 -1.680211
v 0.019187 -0.316819 -1.350595
v 0.107682 -0.607535 -1.827274
v 0.357054 -0.154582 -1.518621
v -0.427274 0.004216 -1.445668
v -0.233335 -0.136813 -1.208687
v -0.170986 0.232734 -1.448232
v -0.201953 -0.004602 -1.202313
v -0.330797 0.140607 -1.444159
v -0.060636 -0.328709 -1.319169
v 0.227355 -0.488891 -1.716001
v -0.096157 0.062124 -1.203832
v -0.233575 -0.067525 -1.206384
v 0.073455 0.025150 -1.210971
v 0.033654 0.010268 0.446038
v -0.298948 0.180011 0.522824
vt 0.124794 0.110613
vt 0.145300 0.123531
vt 0.137986 0.130466
vt 0.632055 0.943385
vt 0.642952 0.965518
vt 0.630288 0.964735
vt 0.655194 0.943361
vt 0.662672 0.967663
vt 0.653557 0.967268
vt 0.665555 0.943315
vt 0.674282 0.967259
vt 0.110474 0.143317
vt 0.107570 0.118243
vt 0.118922 0.138810
vt 0.117603 0.114118
vt 0.129337 0.134729
vt 0.105467 0.081497
vt 0.647674 0.907032
vt 0.658027 0.907386
vt 0.099363 0.120997
vt 0.093727 0.087608
vt 0.667786 0.908490
vt 0.132778 0.104984
vt 0.112206 0.076257
vt 0.099070 0.084397
vt 0.675455 0.942982
vt 0.676468 0.909146
vt 0.643479 0.941545
vt 0.638144 0.906415
vt 0.084199 0.060214
vt 0.075404 0.053504
vt 0.078802 0.051300
vt 0.666587 0.881124
vt 0.666755 0.869447
vt 0.673084 0.879817
vt 0.647905 0.876833
vt 0.657514 0.870039
vt 0.654374 0.879717
vt 0.081120 0.050104
vt 0.089119 0.056925
vt 0.659876 0.880549
vt 0.660772 0.870772
vt 0.072527 0.065045
vt 0.078987 0.063309
vt 0.664551 0.870742
vt 0.082150 0.047648
vt 0.093216 0.052108
vt 0.076630 0.048706
vt 0.072856 0.053162
vt 0.661434 0.866316
vt 0.095697 0.066427
vt 0.102080 0.059747
vt 0.667913 0.891713
vt 0.085555 0.092125
vt 0.084062 0.073495
vt 0.651148 0.889602
vt 0.658840 0.890686
vt 0.643779 0.887905
vt 0.675397 0.891540
vt 0.090197 0.070605
vt 0.076120 0.076977
vt 0.664493 0.984163
vt 0.639213 0.981737
vt 0.626136 0.979906
vt 0.138139 0.151457
vt 0.652549 0.981633
vt 0.128192 0.159135
vt 0.119763 0.162599
vt 0.157209 0.135714
vt 0.148644 0.147151
vt 0.274992 0.940547
vt 0.248767 0.944449
vt 0.269703 0.930156
vt 0.261517 0.919731
vt 0.027220 0.211778
vt 0.050900 0.221902
vt 0.044573 0.229386
vt 0.239532 0.935587
vt 0.230109 0.959155
vt 0.222007 0.952598
vt 0.053896 0.185137
vt 0.032162 0.176864
vt 0.035435 0.170106
vt 0.056958 0.213424
vt 0.049009 0.190985
vt 0.065097 0.204536
vt 0.252132 0.912427
vt 0.072054 0.195773
vt 0.279148 0.951603
vt 0.254749 0.953727
vt 0.035207 0.205094
vt 0.217723 0.946039
vt 0.232741 0.928322
vt 0.025774 0.184273
vt 0.041496 0.199571
vt 0.018237 0.190827
vt 0.235640 0.965760
vt 0.239831 0.973034
vt 0.018301 0.163764
vt 0.209249 0.963149
vt 0.013302 0.172288
vt 0.221575 0.972741
vt 0.217780 0.968719
vt 0.214732 0.965692
vt 0.222730 0.977586
vt 0.016273 0.168211
vt 0.003951 0.177521
vt 0.008693 0.175523
vt 0.008897 0.167726
vt 0.213343 0.973513
vt 0.298582 0.927548
vt 0.291824 0.913446
vt 0.085012 0.214592
vt 0.070255 0.240526
vt 0.063877 0.251232
vt 0.078127 0.228508
vt 0.272043 0.891089
vt 0.284571 0.897118
vt 0.295966 0.943560
vt 0.080932 0.277127
vt 0.118332 0.282576
vt 0.097458 0.304115
vt 0.092085 0.262147
vt 0.123510 0.252985
vt 0.303657 0.878340
vt 0.331538 0.889761
vt 0.314226 0.901093
vt 0.101937 0.194850
vt 0.120920 0.220355
vt 0.103831 0.218210
vt 0.332111 0.926703
vt 0.315652 0.928771
vt 0.100092 0.242659
vt 0.288896 0.865645
vt 0.319663 0.859745
vt 0.312459 0.956437
vt 0.305510 0.948229
vt 0.091243 0.197935
vt 0.186997 0.082645
vt 0.197277 0.103203
vt 0.190571 0.104904
vt 0.943723 0.109199
vt 0.957287 0.087407
vt 0.956391 0.110956
vt 0.968056 0.088389
vt 0.976342 0.111936
vt 0.966947 0.111839
vt 0.978985 0.088875
vt 0.986954 0.112769
vt 0.162637 0.107142
vt 0.168151 0.084176
vt 0.170506 0.106010
vt 0.178198 0.083258
vt 0.180490 0.105918
vt 0.180441 0.047560
vt 0.970689 0.053581
vt 0.160215 0.082215
vt 0.164109 0.049419
vt 0.981221 0.053736
vt 0.187373 0.046752
vt 0.194976 0.081177
vt 0.172909 0.048627
vt 0.988005 0.088518
vt 0.989714 0.054680
vt 0.949973 0.052367
vt 0.960392 0.052563
vt 0.168092 0.018820
vt 0.161835 0.008512
vt 0.166106 0.007731
vt 0.985971 0.025018
vt 0.976926 0.016633
vt 0.978985 0.014547
vt 0.960322 0.022932
vt 0.969659 0.016244
vt 0.966731 0.025782
vt 0.169007 0.007508
vt 0.174376 0.017598
vt 0.972265 0.026492
vt 0.973047 0.016842
vt 0.155030 0.019678
vt 0.161134 0.019775
vt 0.979256 0.026652
vt 0.171117 0.005787
vt 0.179513 0.015376
vt 0.165125 0.003951
vt 0.159422 0.007190
vt 0.973421 0.012086
vt 0.177171 0.029143
vt 0.184380 0.026617
vt 0.981054 0.037075
vt 0.158634 0.049947
vt 0.162183 0.031616
vt 0.964163 0.035839
vt 0.971377 0.036698
vt 0.170042 0.031487
vt 0.955850 0.033741
vt 0.987763 0.037070
vt 0.980223 0.135443
vt 0.954473 0.134516
vt 0.938994 0.132787
vt 0.182966 0.135717
vt 0.967247 0.133920
vt 0.162471 0.133239
vt 0.203651 0.128099
vt 0.194398 0.134965
vt 0.172365 0.138104
vt 0.235997 0.115673
vt 0.245535 0.095967
vt 0.246249 0.116807
vt 0.691936 0.935303
vt 0.701163 0.953482
vt 0.690281 0.955370
vt 0.710819 0.952219
vt 0.722633 0.935842
vt 0.721233 0.955441
vt 0.731705 0.939315
vt 0.729537 0.966151
vt 0.212045 0.092775
vt 0.219802 0.113445
vt 0.210393 0.118937
vt 0.220737 0.094170
vt 0.227503 0.112751
vt 0.703161 0.932047
vt 0.228493 0.093810
vt 0.236347 0.064246
vt 0.235413 0.094542
vt 0.713434 0.933257
vt 0.707842 0.904949
vt 0.719172 0.905903
vt 0.215293 0.063482
vt 0.220245 0.062692
vt 0.727928 0.907426
vt 0.243963 0.063810
vt 0.228620 0.062874
vt 0.735610 0.908793
vt 0.701853 0.903432
vt 0.221901 0.034284
vt 0.228190 0.025430
vt 0.228513 0.034983
vt 0.733417 0.877807
vt 0.727952 0.870617
vt 0.729770 0.869051
vt 0.711293 0.876103
vt 0.721000 0.870070
vt 0.716629 0.879377
vt 0.231594 0.024848
vt 0.234613 0.035197
vt 0.722697 0.880464
vt 0.724217 0.870634
vt 0.215697 0.031459
vt 0.223910 0.024782
vt 0.728508 0.880229
vt 0.233161 0.023662
vt 0.238711 0.034571
vt 0.228086 0.021230
vt 0.221943 0.022969
vt 0.724448 0.866316
vt 0.241492 0.046273
vt 0.721125 0.890789
vt 0.729010 0.890784
vt 0.214079 0.045388
vt 0.221241 0.046129
vt 0.712397 0.888797
vt 0.235813 0.046715
vt 0.735586 0.890770
vt 0.228420 0.047363
vt 0.720292 0.972106
vt 0.697840 0.969318
vt 0.684370 0.975552
vt 0.226468 0.137407
vt 0.708272 0.971012
vt 0.209883 0.130673
vt 0.236190 0.138228
vt 0.215512 0.135300
vt 0.272562 0.131954
vt 0.286838 0.118432
vt 0.281101 0.135457
vt 0.289428 0.136774
vt 0.948844 0.517631
vt 0.959423 0.499611
vt 0.958175 0.518418
vt 0.966638 0.518664
vt 0.968163 0.498394
vt 0.976855 0.517030
vt 0.259842 0.126516
vt 0.272351 0.112865
vt 0.265582 0.129233
vt 0.942147 0.516702
vt 0.950145 0.498555
vt 0.287543 0.090557
vt 0.277941 0.116207
vt 0.944567 0.469695
vt 0.952403 0.469966
vt 0.977451 0.499094
vt 0.970662 0.469622
vt 0.978900 0.468184
vt 0.960382 0.470016
vt 0.294021 0.093252
vt 0.266075 0.109772
vt 0.283104 0.088096
vt 0.292775 0.119545
vt 0.300716 0.095343
vt 0.288502 0.061861
vt 0.295520 0.059923
vt 0.291337 0.066723
vt 0.960273 0.444648
vt 0.964164 0.438716
vt 0.966075 0.444674
vt 0.307142 0.071831
vt 0.301669 0.063080
vt 0.304984 0.060964
vt 0.294913 0.069144
vt 0.298852 0.060993
vt 0.955113 0.444639
vt 0.954177 0.435959
vt 0.957604 0.437973
vt 0.967065 0.436377
vt 0.971797 0.442687
vt 0.960429 0.438098
vt 0.299851 0.072123
vt 0.301139 0.056626
vt 0.960245 0.433987
vt 0.296660 0.081153
vt 0.953477 0.455288
vt 0.960519 0.454664
vt 0.975721 0.454073
vt 0.945869 0.456429
vt 0.291597 0.079066
vt 0.304667 0.082935
vt 0.967425 0.454338
vt 0.277653 0.085489
vt 0.287468 0.076462
vt 0.948989 0.445785
vt 0.282456 0.072383
vt 0.966069 0.528858
vt 0.956906 0.529152
vt 0.284588 0.152316
vt 0.278036 0.151933
vt 0.260206 0.145760
vt 0.946979 0.532427
vt 0.941387 0.533032
vt 0.269631 0.147710
vt 0.252828 0.138499
vt 0.368797 0.917180
vt 0.341396 0.827918
vt 0.352307 0.853408
vt 0.362668 0.882679
vt 0.381585 0.892809
vt 0.388841 0.909642
vt 0.374912 0.822236
vt 0.382242 0.846980
vt 0.390451 0.873438
vt 0.401397 0.904393
vt 0.408501 0.884023
vt 0.415619 0.899519
vt 0.399720 0.818643
vt 0.406631 0.839111
vt 0.416239 0.864585
vt 0.289434 0.212849
vt 0.275721 0.180306
vt 0.286107 0.178875
vt 0.296233 0.263511
vt 0.277448 0.242904
vt 0.294037 0.240984
vt 0.276592 0.213398
vt 0.246629 0.179837
vt 0.227176 0.199267
vt 0.225979 0.179265
vt 0.246559 0.246027
vt 0.217175 0.275293
vt 0.214182 0.246437
vt 0.246228 0.220501
vt 0.209474 0.213445
vt 0.182080 0.276877
vt 0.178908 0.248260
vt 0.174338 0.220424
vt 0.169535 0.181497
vt 0.190927 0.197652
vt 0.172663 0.206740
vt 0.131909 0.188831
vt 0.153405 0.202183
vt 0.139578 0.220530
vt 0.143035 0.253330
vt 0.142291 0.282417
vt 0.277852 0.266033
vt 0.261531 0.199575
vt 0.262515 0.179729
vt 0.172517 0.147548
vt 0.197186 0.146745
vt 0.185416 0.155421
vt 0.165926 0.156072
vt 0.206000 0.152148
vt 0.187077 0.168499
vt 0.215713 0.149192
vt 0.236871 0.149673
vt 0.225688 0.152926
vt 0.226128 0.164883
vt 0.143775 0.164073
vt 0.131989 0.168283
vt 0.154268 0.156847
vt 0.149287 0.177393
vt 0.130634 0.179727
vt 0.974835 0.144602
vt 0.966279 0.144639
vt 0.955055 0.145527
vt 0.362197 0.961591
vt 0.366170 0.947232
vt 0.370277 0.957009
vt 0.381264 0.952879
vt 0.384546 0.943286
vt 0.652098 0.990893
vt 0.639875 0.989201
vt 0.327207 0.966787
vt 0.335276 0.954802
vt 0.337693 0.962831
vt 0.349879 0.962466
vt 0.352063 0.951675
vt 0.356068 0.976984
vt 0.359189 0.966306
vt 0.361452 0.977586
vt 0.979915 0.143626
vt 0.989714 0.138108
vt 0.633926 0.985906
vt 0.355022 0.967158
vt 0.266248 0.158363
vt 0.257963 0.154072
vt 0.277005 0.167265
vt 0.263519 0.170751
vt 0.246105 0.159610
vt 0.248544 0.137553
vt 0.719212 0.980175
vt 0.706433 0.980346
vt 0.695996 0.980333
vt 0.400968 0.940034
vt 0.396810 0.930901
vt 0.410292 0.935369
vt 0.409883 0.922286
vt 0.956036 0.536946
vt 0.945393 0.538414
vt 0.966510 0.536300
vt 0.435046 0.912820
vt 0.422702 0.912020
vt 0.434697 0.904332
vt 0.418499 0.925449
vt 0.425997 0.918393
vt 0.392119 0.949279
vt 0.398629 0.965948
vt 0.388026 0.959206
vt 0.392284 0.955958
vt 0.724674 0.977202
vt 0.948579 0.138856
vt 0.422250 0.938239
vt 0.415749 0.936820
vt 0.417989 0.931754
vt 0.972060 0.533593
vt 0.978900 0.530091
vt 0.690724 0.978325
vt 0.277501 0.159775
vt 0.286668 0.167032
vt 0.208693 0.179293
vt 0.246304 0.203675
vt 0.187612 0.179758
vt 0.150283 0.187910
vt 0.427815 0.895132
vt 0.395463 0.888225
vt 0.121076 0.171136
vt 0.676468 0.987716
vt 0.663738 0.991894
vt 0.120617 0.177618
vt 0.322288 0.959350
vt 0.317024 0.973558
vt 0.312857 0.969656
vt 0.347608 0.939599
vt 0.362847 0.938479
vt 0.158018 0.337847
vt 0.305183 0.785779
vt 0.334910 0.784263
vt 0.368154 0.780019
vt 0.401092 0.772626
vt 0.195039 0.331962
vt 0.282618 0.308937
vt 0.247703 0.273271
vt 0.227773 0.324871
vt 0.132136 0.347642
vt 0.261119 0.316408
vt 0.280740 0.385181
vt 0.250300 0.397168
vt 0.360265 0.706948
vt 0.154807 0.425129
vt 0.307142 0.375267
vt 0.216490 0.408901
vt 0.181465 0.418628
vt 0.391034 0.705745
vt 0.327989 0.707425
vt 0.920763 0.628215
vt 0.921482 0.602160
vt 0.923001 0.602086
vt 0.919239 0.695722
vt 0.919048 0.649952
vt 0.920737 0.696381
vt 0.927002 0.584774
vt 0.933207 0.556982
vt 0.934041 0.557993
vt 0.959655 0.584667
vt 0.951895 0.558540
vt 0.952881 0.557484
vt 0.958485 0.631165
vt 0.960694 0.604296
vt 0.960397 0.630817
vt 0.957755 0.687740
vt 0.962101 0.651602
vt 0.959668 0.688057
vt 0.937262 0.557091
vt 0.943178 0.555516
vt 0.943067 0.557058
vt 0.948936 0.557676
vt 0.949446 0.556203
vt 0.936688 0.555695
vt 0.916859 0.639700
vt 0.921952 0.630395
vt 0.919567 0.639811
vt 0.916833 0.650174
vt 0.914749 0.639585
vt 0.921855 0.592049
vt 0.923171 0.592217
vt 0.957805 0.585243
vt 0.962585 0.593685
vt 0.960945 0.593962
vt 0.962585 0.639944
vt 0.961099 0.640076
vt 0.959847 0.651429
vt 0.918734 0.627756
vt 0.920277 0.647781
vt 0.959234 0.604008
vt 0.925506 0.584264
vt 0.874040 0.363478
vt 0.876516 0.391987
vt 0.874522 0.392282
vt 0.869002 0.285120
vt 0.874031 0.343159
vt 0.867607 0.284819
vt 0.865818 0.440403
vt 0.874136 0.411221
vt 0.866805 0.442577
vt 0.838508 0.411661
vt 0.846028 0.439270
vt 0.845162 0.440490
vt 0.834344 0.365759
vt 0.835954 0.392880
vt 0.832203 0.366150
vt 0.832856 0.345588
vt 0.837584 0.285012
vt 0.838943 0.284827
vt 0.861480 0.441517
vt 0.856448 0.442807
vt 0.856430 0.441331
vt 0.850766 0.441055
vt 0.850293 0.442311
vt 0.861971 0.442795
vt 0.877532 0.353236
vt 0.876104 0.353218
vt 0.877532 0.402246
vt 0.875667 0.401980
vt 0.840359 0.411075
vt 0.835614 0.402828
vt 0.837143 0.402528
vt 0.831225 0.355581
vt 0.829480 0.355546
vt 0.830685 0.345329
vt 0.875982 0.363526
vt 0.837423 0.393035
vt 0.872564 0.410752
vt 0.872811 0.093164
vt 0.874478 0.120830
vt 0.872720 0.120933
vt 0.865032 0.020436
vt 0.871374 0.075906
vt 0.863561 0.020472
vt 0.873222 0.135313
vt 0.870151 0.156937
vt 0.869247 0.156185
vt 0.853185 0.158460
vt 0.845332 0.139140
vt 0.854045 0.157591
vt 0.833771 0.096735
vt 0.839679 0.126029
vt 0.831472 0.097222
vt 0.833688 0.077711
vt 0.834891 0.017960
vt 0.836415 0.017579
vt 0.865880 0.157234
vt 0.862159 0.158883
vt 0.862053 0.157738
vt 0.857064 0.159101
vt 0.857061 0.157888
vt 0.866175 0.158376
vt 0.874298 0.084270
vt 0.873290 0.075465
vt 0.876162 0.084175
vt 0.874666 0.128260
vt 0.876162 0.128355
vt 0.840381 0.133397
vt 0.842030 0.132899
vt 0.829497 0.086810
vt 0.831652 0.086611
vt 0.831555 0.077378
vt 0.875392 0.093140
vt 0.841523 0.125669
vt 0.874659 0.135568
vt 0.838938 0.930582
vt 0.841036 0.964232
vt 0.839361 0.964301
vt 0.830140 0.871228
vt 0.838412 0.914465
vt 0.828850 0.871207
vt 0.832536 0.997781
vt 0.839296 0.980341
vt 0.833553 0.998773
vt 0.815047 0.999379
vt 0.809885 0.981059
vt 0.815964 0.998435
vt 0.807173 0.964438
vt 0.804629 0.931757
vt 0.806322 0.931500
vt 0.805165 0.915437
vt 0.802656 0.867991
vt 0.803923 0.867578
vt 0.828956 0.998968
vt 0.825032 1.001274
vt 0.824678 0.999859
vt 0.819679 1.000879
vt 0.820189 0.999519
vt 0.829189 1.000284
vt 0.840072 0.922177
vt 0.840106 0.914053
vt 0.842117 0.922313
vt 0.842117 0.971352
vt 0.840279 0.971396
vt 0.806729 0.974031
vt 0.808455 0.981615
vt 0.804831 0.974500
vt 0.802652 0.923357
vt 0.804326 0.923260
vt 0.803228 0.915223
vt 0.841009 0.930658
vt 0.805228 0.964676
vt 0.837804 0.979726
vt 0.959150 0.640365
vt 0.927809 0.586478
vt 0.925558 0.592943
vt 0.958796 0.595235
vt 0.957461 0.632685
vt 0.957032 0.587377
vt 0.924718 0.600006
vt 0.937273 0.697303
vt 0.947379 0.651240
vt 0.947329 0.696981
vt 0.927686 0.697401
vt 0.930020 0.650548
vt 0.939327 0.627662
vt 0.947837 0.604691
vt 0.947487 0.628391
vt 0.931110 0.627435
vt 0.933338 0.604027
vt 0.948873 0.585520
vt 0.934266 0.584314
vt 0.940218 0.603090
vt 0.947500 0.603249
vt 0.948545 0.586834
vt 0.938815 0.650706
vt 0.947351 0.649774
vt 0.939002 0.629452
vt 0.931221 0.629164
vt 0.946719 0.630195
vt 0.930271 0.649018
vt 0.941580 0.584843
vt 0.935312 0.586032
vt 0.933463 0.602443
vt 0.939992 0.604461
vt 0.938794 0.649031
vt 0.958190 0.649337
vt 0.941492 0.586490
vt 0.957874 0.601734
vt 0.834147 0.347129
vt 0.834090 0.355244
vt 0.872622 0.361911
vt 0.873581 0.353353
vt 0.871465 0.408786
vt 0.873440 0.401833
vt 0.838428 0.402317
vt 0.872789 0.345031
vt 0.835651 0.363721
vt 0.841417 0.409471
vt 0.872962 0.394376
vt 0.854379 0.283783
vt 0.844748 0.344131
vt 0.845768 0.283693
vt 0.864677 0.343432
vt 0.863119 0.283744
vt 0.855729 0.366599
vt 0.848472 0.392011
vt 0.846603 0.367258
vt 0.865403 0.366441
vt 0.864528 0.391851
vt 0.850175 0.412368
vt 0.864459 0.411616
vt 0.857225 0.391845
vt 0.848960 0.393864
vt 0.850393 0.410300
vt 0.854694 0.343834
vt 0.845317 0.346103
vt 0.864658 0.364567
vt 0.846759 0.365517
vt 0.864353 0.345373
vt 0.857902 0.411991
vt 0.864082 0.410198
vt 0.864537 0.393432
vt 0.857058 0.393800
vt 0.854885 0.345676
vt 0.855408 0.364886
vt 0.857690 0.410283
vt 0.839103 0.394698
vt 0.834918 0.079909
vt 0.834330 0.086515
vt 0.871515 0.091734
vt 0.871458 0.084498
vt 0.872182 0.133611
vt 0.872757 0.128058
vt 0.843522 0.132252
vt 0.870259 0.078217
vt 0.835416 0.094446
vt 0.845923 0.137626
vt 0.871484 0.122568
vt 0.849950 0.016709
vt 0.844204 0.076081
vt 0.841685 0.016852
vt 0.861472 0.075908
vt 0.857932 0.017035
vt 0.845800 0.096364
vt 0.856875 0.120910
vt 0.849342 0.122448
vt 0.865353 0.120311
vt 0.863077 0.095114
vt 0.853255 0.137549
vt 0.865411 0.135694
vt 0.850146 0.124308
vt 0.852791 0.135949
vt 0.852548 0.078021
vt 0.844029 0.077928
vt 0.854000 0.095386
vt 0.862483 0.093022
vt 0.844807 0.094579
vt 0.861220 0.077478
vt 0.859648 0.134851
vt 0.865326 0.134326
vt 0.864434 0.122129
vt 0.857484 0.122856
vt 0.852730 0.076365
vt 0.859835 0.136138
vt 0.853939 0.093552
vt 0.843126 0.126737
vt 0.806494 0.917002
vt 0.806346 0.923090
vt 0.837368 0.928465
vt 0.838354 0.921664
vt 0.838484 0.971448
vt 0.808628 0.973432
vt 0.837053 0.916939
vt 0.807652 0.929460
vt 0.810775 0.979211
vt 0.838022 0.966031
vt 0.815552 0.866316
vt 0.813703 0.914838
vt 0.809417 0.866686
vt 0.828879 0.914363
vt 0.822407 0.867073
vt 0.822270 0.932536
vt 0.816564 0.963158
vt 0.814962 0.932357
vt 0.829456 0.931992
vt 0.830715 0.962911
vt 0.823864 0.980788
vt 0.818105 0.981077
vt 0.829975 0.980390
vt 0.823752 0.963333
vt 0.817244 0.965218
vt 0.818293 0.979335
vt 0.821929 0.914713
vt 0.813797 0.916786
vt 0.829346 0.930428
vt 0.815108 0.930837
vt 0.829117 0.916103
vt 0.829562 0.978655
vt 0.830402 0.965364
vt 0.823923 0.965069
vt 0.836372 0.977855
vt 0.822013 0.916442
vt 0.822220 0.930595
vt 0.823901 0.978995
vt 0.809050 0.966175
vt 0.930782 0.639518
vt 0.938949 0.639471
vt 0.946585 0.640176
vt 0.934405 0.593982
vt 0.947784 0.595025
vt 0.940867 0.594559
vt 0.863335 0.354997
vt 0.846355 0.355629
vt 0.864090 0.401751
vt 0.857342 0.401821
vt 0.849488 0.401922
vt 0.855244 0.355771
vt 0.861641 0.084956
vt 0.844935 0.085832
vt 0.864734 0.128565
vt 0.851955 0.130198
vt 0.858505 0.128948
vt 0.853273 0.085208
vt 0.829265 0.922973
vt 0.822379 0.923717
vt 0.814720 0.923827
vt 0.829805 0.971945
vt 0.817700 0.972306
vt 0.824029 0.972184
vt 0.379254 0.108705
vt 0.362071 0.113205
vt 0.365094 0.103377
vt 0.344789 0.096207
vt 0.351814 0.109113
vt 0.341113 0.105100
vt 0.356922 0.160113
vt 0.342378 0.162830
vt 0.345378 0.155768
vt 0.326834 0.150467
vt 0.333723 0.159843
vt 0.324922 0.157585
vt 0.336097 0.152841
vt 0.355222 0.099735
vt 0.317178 0.148490
vt 0.316264 0.154384
vt 0.333482 0.101398
vt 0.334563 0.093010
vt 0.347227 0.086356
vt 0.337635 0.083804
vt 0.368460 0.094395
vt 0.358561 0.090371
vt 0.329804 0.141761
vt 0.320439 0.141451
vt 0.338713 0.144660
vt 0.348486 0.147294
vt 0.727617 0.097245
vt 0.710190 0.092401
vt 0.726694 0.089645
vt 0.705152 0.108375
vt 0.674145 0.107239
vt 0.706075 0.104476
vt 0.671773 0.112812
vt 0.642868 0.107419
vt 0.906330 0.659379
vt 0.861564 0.662174
vt 0.905825 0.652387
vt 0.792665 0.672840
vt 0.764735 0.665007
vt 0.793645 0.666295
vt 0.763628 0.671406
vt 0.728290 0.661596
vt 0.662604 0.646694
vt 0.626136 0.645238
vt 0.628832 0.634483
vt 0.809654 0.105515
vt 0.776165 0.110293
vt 0.773709 0.104493
vt 0.745785 0.101866
vt 0.727661 0.101254
vt 0.747123 0.106891
vt 0.727079 0.670025
vt 0.697233 0.655572
vt 0.828061 0.672507
vt 0.824716 0.665396
vt 0.715457 0.783527
vt 0.753406 0.833693
vt 0.719009 0.833463
vt 0.755960 0.782353
vt 0.785109 0.834507
vt 0.834433 0.792469
vt 0.845109 0.856019
vt 0.817650 0.842318
vt 0.699255 0.237741
vt 0.728415 0.314167
vt 0.703677 0.315193
vt 0.642480 0.257905
vt 0.673645 0.316977
vt 0.647922 0.321026
vt 0.669933 0.247065
vt 0.759262 0.240017
vt 0.728868 0.233697
vt 0.793800 0.785008
vt 0.819338 0.262680
vt 0.786887 0.321167
vt 0.789888 0.250608
vt 0.679850 0.787863
vt 0.689202 0.840839
vt 0.640853 0.793584
vt 0.659829 0.856521
vt 0.758024 0.316383
vt 0.757777 0.171516
vt 0.789093 0.182348
vt 0.659302 0.657208
vt 0.629766 0.729517
vt 0.672077 0.730013
vt 0.692819 0.696485
vt 0.812663 0.115222
vt 0.821579 0.199154
vt 0.800197 0.699813
vt 0.798446 0.735857
vt 0.730449 0.163075
vt 0.700271 0.168157
vt 0.666291 0.181073
vt 0.640351 0.113682
vt 0.636274 0.196418
vt 0.861513 0.669365
vt 0.892711 0.741604
vt 0.846068 0.739608
vt 0.872318 0.799847
vt 0.761575 0.701747
vt 0.758618 0.732912
vt 0.723188 0.698629
vt 0.719737 0.731600
vt 0.812314 0.436231
vt 0.788396 0.466058
vt 0.785884 0.423937
vt 0.701181 0.424773
vt 0.668120 0.459455
vt 0.673243 0.422936
vt 0.643257 0.421918
vt 0.640465 0.456844
vt 0.728506 0.424641
vt 0.700057 0.463317
vt 0.762897 0.465562
vt 0.757990 0.425060
vt 0.785900 0.401637
vt 0.757400 0.394976
vt 0.701460 0.395506
vt 0.645156 0.394999
vt 0.728218 0.392659
vt 0.674073 0.395361
vt 0.811820 0.408200
vt 0.814119 0.327343
vt 0.785728 0.368795
vt 0.702202 0.362051
vt 0.673422 0.365615
vt 0.728789 0.361240
vt 0.646460 0.364665
vt 0.757720 0.363483
vt 0.673638 0.494659
vt 0.694553 0.518660
vt 0.669286 0.512909
vt 0.743150 0.493914
vt 0.766377 0.495013
vt 0.653526 0.484648
vt 0.673058 0.491600
vt 0.648147 0.505756
vt 0.653866 0.487777
vt 0.718749 0.500915
vt 0.742725 0.521575
vt 0.718792 0.522121
vt 0.766452 0.498238
vt 0.743264 0.497206
vt 0.633409 0.488142
vt 0.628188 0.499021
vt 0.698411 0.494703
vt 0.791355 0.513670
vt 0.769321 0.520115
vt 0.789763 0.492947
vt 0.818289 0.507976
vt 0.717857 0.545190
vt 0.691258 0.539064
vt 0.662588 0.534008
vt 0.640794 0.521899
vt 0.774537 0.541926
vt 0.816128 0.518163
vt 0.798891 0.530471
vt 0.746077 0.541143
vt 0.628597 0.511382
vt 0.811520 0.379910
vt 0.350844 0.041239
vt 0.347163 0.033565
vt 0.366950 0.016339
vt 0.383243 0.027502
vt 0.374782 0.058102
vt 0.365100 0.053215
vt 0.400296 0.040604
vt 0.386565 0.064896
vt 0.403839 0.049035
vt 0.397189 0.071544
vt 0.375160 0.022432
vt 0.356195 0.047986
vt 0.322491 0.034568
vt 0.330296 0.049516
vt 0.334831 0.064388
vt 0.336268 0.081908
vt 0.348064 0.084005
vt 0.383836 0.099844
vt 0.370346 0.092545
vt 0.359406 0.088133
vt 0.342601 0.022966
vt 0.790247 0.490383
vt 0.814765 0.492882
vt 0.718581 0.498393
vt 0.698074 0.492442
vt 0.634030 0.486325
vt 0.814055 0.466221
vt 0.730436 0.463615
vt 0.686738 0.090115
vt 0.710792 0.090797
vt 0.726744 0.088851
vt 0.795470 0.648906
vt 0.766321 0.644604
vt 0.795944 0.645553
vt 0.739129 0.088530
vt 0.740303 0.090387
vt 0.633454 0.605263
vt 0.667891 0.621671
vt 0.666416 0.624489
vt 0.731909 0.643971
vt 0.702181 0.633540
vt 0.732718 0.641370
vt 0.765829 0.647544
vt 0.760753 0.086234
vt 0.762458 0.089043
vt 0.862788 0.640407
vt 0.823665 0.644521
vt 0.862133 0.636352
vt 0.793796 0.079452
vt 0.796416 0.081465
vt 0.906848 0.627710
vt 0.905540 0.622872
vt 0.684804 0.092531
vt 0.654536 0.082672
vt 0.823850 0.647505
vt 0.701260 0.637736
vt 0.651754 0.085879
vt 0.340264 0.107493
vt 0.338857 0.142994
vt 0.330034 0.140113
vt 0.361696 0.115130
vt 0.361853 0.151582
vt 0.349129 0.145715
vt 0.333549 0.161320
vt 0.317345 0.191556
vt 0.325156 0.159391
vt 0.341966 0.164112
vt 0.335303 0.192587
vt 0.328025 0.195077
vt 0.314663 0.156220
vt 0.351024 0.111024
vt 0.381830 0.100870
vt 0.352911 0.168054
vt 0.353114 0.165854
vt 0.374398 0.118542
vt 0.374220 0.116962
vt 0.322194 0.194044
vt 0.319104 0.137935
vt 0.312996 0.187347
vt 0.331189 0.102826
vt 0.695266 0.663852
vt 0.827775 0.704530
vt 0.627126 0.512180
vt 0.626136 0.498267
vt 0.641621 0.321835
vt 0.631420 0.485793
vt 0.642682 0.394828
vt 0.641939 0.364558
vt 0.640999 0.421543
vt 0.635745 0.455950
vt 0.632147 0.484689
vt 0.816092 0.491136
vt 0.815849 0.466165
vt 0.818172 0.490767
vt 0.820506 0.508024
vt 0.817117 0.519186
vt 0.821579 0.507166
vt 0.800104 0.531713
vt 0.775701 0.543869
vt 0.690646 0.540565
vt 0.661496 0.536062
vt 0.746131 0.542633
vt 0.717588 0.547615
vt 0.639829 0.523278
vt 0.718494 0.835424
vt 0.689371 0.842584
vt 0.785007 0.836041
vt 0.753500 0.835650
vt 0.816399 0.844229
vt 0.664501 0.858415
vt 0.813635 0.379574
vt 0.839213 0.858415
vt 0.405447 0.048919
vt 0.398349 0.072363
vt 0.385517 0.100649
vt 0.391139 0.029406
vt 0.401468 0.039529
vt 0.375614 0.021037
vt 0.384372 0.025210
vt 0.389773 0.031008
vt 0.363403 0.008314
vt 0.368144 0.015243
vt 0.333325 0.064400
vt 0.328889 0.050376
vt 0.320775 0.038180
vt 0.816867 0.437139
vt 0.333498 0.082149
vt 0.363709 0.152247
vt 0.354354 0.169136
vt 0.335343 0.194077
vt 0.311604 0.188280
vt 0.317603 0.136775
vt 0.329529 0.102580
vt 0.322435 0.195190
vt 0.317292 0.192938
vt 0.328495 0.196378
vt 0.332200 0.092259
vt 0.380922 0.109391
vt 0.359121 0.161247
vt 0.314625 0.149123
vt 0.382444 0.110513
vt 0.360515 0.162052
vt 0.313006 0.155942
vt 0.312730 0.148884
vt 0.330849 0.092110
vt 0.377060 0.119618
vt 0.359634 0.152939
vt 0.655379 0.080113
vt 0.696300 0.014053
vt 0.687802 0.087931
vt 0.760641 0.084068
vt 0.742746 0.020434
vt 0.754512 0.013180
vt 0.703136 0.630961
vt 0.745977 0.580587
vt 0.733112 0.638246
vt 0.861252 0.633271
vt 0.845897 0.562963
vt 0.903377 0.620233
vt 0.669503 0.619586
vt 0.700015 0.555516
vt 0.717334 0.567396
vt 0.710982 0.089200
vt 0.728812 0.023858
vt 0.726874 0.087930
vt 0.793458 0.076229
vt 0.771458 0.003951
vt 0.823928 0.641676
vt 0.822788 0.573331
vt 0.766610 0.641292
vt 0.795372 0.581853
vt 0.795939 0.642880
vt 0.713320 0.021387
vt 0.739323 0.086946
vt 0.768569 0.582603
vt 0.637772 0.599320
vt 0.809659 0.579219
vt 0.732158 0.575665
vt 0.655699 0.867558
vt 0.260525 0.961333
vt 0.010772 0.195679
vt 0.108407 0.185708
vt 0.300698 0.837948
vt 0.943560 0.088245
vt 0.967657 0.013524
vt 0.154928 0.032264
vt 0.719343 0.867964
vt 0.706241 0.886512
vt 0.735610 0.974293
vt 0.941752 0.498478
vt 0.294371 0.056809
vt 0.393255 0.969278
vt 0.420444 0.941976
vt 0.286928 0.158567
vt 0.676355 0.996058
vt 0.293790 0.708879
vt 0.875799 0.342901
vt 0.843953 0.140004
vt 0.361645 0.008343
vt 0.634229 0.601445
vt 0.819021 0.327966
vt 0.677072 0.005218
vn -0.3069 -0.7611 0.5714
vn -0.8703 -0.3855 0.3066
vn -0.2854 -0.8484 0.4459
vn -0.8871 -0.3917 0.2444
vn -0.9481 0.3024 -0.0979
vn -0.4144 0.7330 -0.5394
vn 0.3044 0.8761 -0.3739
vn -0.3267 0.8529 -0.4072
vn 0.3034 0.7864 -0.5381
vn 0.8383 0.5077 -0.1990
vn 0.9149 -0.2476 0.3188
vn 0.9234 -0.3392 0.1797
vn 0.5121 -0.6466 0.5654
vn 0.4728 -0.7953 0.3795
vn -0.3387 -0.6411 0.6887
vn -0.9085 0.1998 -0.3671
vn -0.3270 0.6304 -0.7040
vn 0.8883 0.4222 -0.1807
vn 0.8850 -0.1628 0.4362
vn 0.3768 0.6751 -0.6342
vn -0.8768 -0.3843 0.2890
vn 0.3331 -0.5591 0.7593
vn 0.9533 0.2895 -0.0858
vn -0.9272 0.2887 -0.2386
vn 0.2563 -0.2034 0.9450
vn 0.6546 0.2643 0.7083
vn 0.2749 0.0746 0.9586
vn 0.2800 0.7275 -0.6264
vn 0.5994 0.7990 0.0479
vn 0.8439 0.5359 -0.0240
vn -0.9317 -0.1042 0.3479
vn -0.8816 0.4424 -0.1646
vn -0.8872 0.2839 -0.3637
vn -0.3030 -0.1660 0.9384
vn -0.3670 -0.3004 0.8804
vn -0.3229 0.5979 -0.7336
vn -0.3807 0.8111 -0.4440
vn 0.7530 0.0559 0.6557
vn 0.1301 0.8416 -0.5242
vn -0.8199 0.1710 0.5464
vn -0.1970 0.8808 0.4306
vn -0.3564 -0.4820 0.8004
vn -0.9110 -0.3160 0.2650
vn 0.2750 0.5831 -0.7644
vn 0.8203 -0.0650 0.5682
vn -0.8422 0.1902 -0.5045
vn -0.3286 0.4732 -0.8174
vn 0.9481 0.3117 -0.0631
vn 0.3758 -0.3191 0.8700
vn 0.3125 0.9316 -0.1856
vn -0.8796 0.4728 -0.0524
vn -0.4705 -0.3825 0.7952
vn 0.5619 -0.7723 0.2964
vn -0.4231 0.8648 -0.2702
vn 0.8988 -0.4122 0.1493
vn 0.9160 0.3955 -0.0669
vn -0.1167 -0.8565 0.5029
vn -0.6498 -0.3822 0.6570
vn -0.9906 -0.0480 0.1277
vn -0.9500 0.0492 0.3082
vn -0.8691 0.4914 -0.0576
vn -0.0753 0.8390 -0.5389
vn 0.6330 0.5585 -0.5361
vn -0.1428 0.8394 -0.5244
vn -0.8801 0.4375 -0.1842
vn -0.9882 -0.0628 0.1393
vn -0.9190 0.3746 -0.1227
vn 0.2039 -0.7826 0.5882
vn 0.8828 -0.3043 0.3579
vn 0.1361 -0.7969 0.5886
vn 0.9693 0.0631 -0.2376
vn 0.8181 -0.4773 0.3207
vn 0.8909 -0.3773 0.2530
vn 0.2332 -0.6213 0.7480
vn -0.6301 -0.5891 0.5058
vn 0.6456 0.6301 -0.4315
vn -0.1215 0.9082 -0.4006
vn 0.9685 0.2260 0.1048
vn 0.9999 0.0105 0.0036
vn 0.6974 0.6857 -0.2085
vn -0.6680 -0.5729 0.4749
vn 0.2341 -0.4513 0.8611
vn -0.2160 0.9731 0.0801
vn 0.9082 0.2954 0.2967
vn -0.6838 -0.3748 0.6260
vn -0.8799 0.0466 0.4729
vn -0.8688 0.4816 0.1152
vn 0.8661 -0.1525 0.4760
vn 0.7320 0.6813 -0.0019
vn 0.0696 0.4874 0.8704
vn -0.6969 0.1446 0.7025
vn -0.8550 0.3612 0.3721
vn 0.8678 -0.3712 0.3304
vn 0.6827 0.5126 -0.5207
vn -0.1002 0.8695 -0.4837
vn 0.9669 0.0326 -0.2530
vn -0.7881 0.6154 0.0140
vn 0.1358 -0.2427 0.9606
vn -0.0287 0.8830 -0.4685
vn 0.8529 0.3702 -0.3681
vn -0.0231 0.8950 -0.4455
vn 0.7412 0.4521 -0.4962
vn 0.9600 -0.2312 -0.1581
vn -0.6652 0.7467 0.0055
vn -0.6117 0.7425 0.2731
vn -0.7180 0.5884 0.3720
vn 0.3810 0.4817 0.7892
vn 0.9333 -0.3327 0.1348
vn 0.9351 -0.2825 0.2139
vn -0.3397 0.8714 0.3539
vn -0.4890 0.5855 0.6466
vn 0.9697 -0.0789 -0.2311
vn -0.6046 0.7931 -0.0742
vn 0.7543 0.5489 0.3601
vn -0.4043 -0.7121 0.5740
vn -0.9612 -0.2672 0.0691
vn -0.3822 -0.8386 0.3882
vn -0.8420 0.3264 -0.4295
vn -0.8733 0.3649 -0.3229
vn -0.0926 0.7579 -0.6458
vn 0.5375 0.7849 -0.3083
vn -0.1387 0.8622 -0.4873
vn 0.4885 0.7099 -0.5074
vn 0.9390 0.3438 -0.0058
vn 0.8162 -0.3138 0.4851
vn 0.8107 -0.4632 0.3581
vn 0.2880 -0.6629 0.6912
vn 0.2146 -0.8660 0.4516
vn -0.4130 -0.5433 0.7309
vn -0.0810 0.5834 -0.8081
vn 0.9486 0.3097 -0.0656
vn 0.7145 -0.2610 0.6491
vn 0.5343 0.5760 -0.6187
vn -0.9417 -0.2781 0.1894
vn -0.9554 -0.2816 0.0891
vn 0.2397 -0.4757 0.8463
vn 0.9610 0.2694 -0.0619
vn -0.8359 0.2313 -0.4978
vn 0.0355 -0.2246 0.9738
vn 0.5354 0.2174 0.8162
vn 0.1158 0.0700 0.9908
vn 0.8919 0.4517 0.0202
vn 0.3081 0.7707 -0.5578
vn 0.6460 0.7599 0.0726
vn -0.9642 -0.0292 0.2635
vn -0.8367 0.4788 -0.2659
vn -0.8173 0.3255 -0.4754
vn -0.4127 -0.1792 0.8930
vn -0.4876 -0.2642 0.8321
vn -0.1319 0.5871 -0.7987
vn -0.2580 0.7859 -0.5619
vn 0.6144 -0.0114 0.7889
vn 0.4309 0.6066 -0.6681
vn -0.8770 0.2255 0.4243
vn -0.2538 0.9049 0.3418
vn -0.4325 -0.3627 0.8255
vn -0.9620 -0.2088 0.1759
vn 0.4892 0.4603 -0.7408
vn 0.6800 -0.1376 0.7202
vn -0.8015 0.1762 -0.5714
vn -0.0396 0.4436 -0.8953
vn 0.1485 -0.3071 0.9400
vn 0.9718 0.2355 0.0126
vn 0.4854 0.8652 -0.1260
vn -0.7869 0.5879 -0.1877
vn -0.8109 -0.3779 0.4468
vn 0.2596 -0.8673 0.4248
vn -0.0811 0.9505 -0.2999
vn 0.8863 0.0478 0.4606
vn -0.2639 -0.8613 0.4342
vn 0.7287 -0.5491 0.4093
vn -0.5902 -0.7404 0.3216
vn -0.9729 -0.2290 0.0317
vn -0.9798 -0.1970 -0.0336
vn -0.6918 0.5368 -0.4830
vn 0.1308 0.8353 -0.5340
vn 0.6287 0.6373 -0.4456
vn 0.6168 0.7244 -0.3080
vn 0.9789 0.1864 0.0841
vn 0.9659 0.1769 0.1893
vn 0.6876 -0.5228 0.5039
vn 0.7305 -0.3820 0.5661
vn 0.0639 -0.8658 0.4963
vn -0.7338 0.4385 -0.5190
vn 0.1241 -0.6694 0.7325
vn -0.5961 -0.5086 0.6214
vn -0.5983 -0.6221 0.5050
vn -0.0158 0.7234 -0.6902
vn -0.6530 0.4281 -0.6247
vn 0.0216 0.6321 -0.7746
vn 0.9774 0.2110 -0.0076
vn 0.5832 -0.3740 0.7211
vn 0.7047 0.4983 -0.5051
vn -0.9687 -0.2127 0.1279
vn 0.0251 -0.5388 0.8420
vn 0.5953 -0.1176 0.7949
vn -0.0720 -0.0746 0.9946
vn -0.0715 -0.2936 0.9532
vn 0.9404 0.3318 0.0747
vn 0.4751 0.7521 -0.4567
vn 0.7116 0.5869 0.3861
vn -0.9888 0.0539 0.1394
vn -0.7344 0.5617 -0.3810
vn -0.7500 0.3926 -0.5323
vn -0.5770 -0.1666 0.7995
vn -0.5511 -0.2561 0.7942
vn -0.0919 0.6060 -0.7901
vn -0.1174 0.8491 -0.5150
vn 0.4370 0.0372 0.8987
vn 0.5041 0.6152 -0.6062
vn -0.9092 0.3095 0.2786
vn -0.1523 0.8011 0.5788
vn -0.9938 -0.0870 0.0696
vn -0.1052 0.5095 -0.8540
vn 0.6074 0.4512 -0.6538
vn 0.9811 0.1443 0.1286
vn 0.6297 -0.2329 0.7411
vn -0.6922 0.3443 -0.6343
vn -0.5501 -0.4040 0.7308
vn 0.0044 -0.4050 0.9143
vn 0.6440 0.7648 0.0193
vn -0.6273 0.6910 -0.3592
vn -0.9194 -0.2862 0.2699
vn 0.0633 -0.8901 0.4514
vn 0.0210 0.9258 -0.3774
vn 0.2715 -0.3233 0.9065
vn -0.5467 -0.7731 0.3215
vn 0.3213 -0.7829 0.5328
vn -0.1801 -0.9155 0.3599
vn -0.7922 -0.5318 0.2992
vn -0.7147 -0.6844 0.1445
vn -0.9761 0.0024 -0.2173
vn -0.4522 0.7246 -0.5201
vn 0.2457 0.7838 -0.5704
vn 0.1087 0.8977 -0.4271
vn 0.7793 0.6129 -0.1309
vn 0.7767 0.5660 -0.2764
vn 0.9446 0.0979 0.3133
vn 0.4716 -0.5889 0.6564
vn 0.4506 -0.7213 0.5260
vn -0.4217 0.6543 -0.6277
vn -0.3930 -0.5780 0.7152
vn -0.3364 -0.7538 0.5644
vn -0.9594 0.0915 -0.2668
vn -0.3508 0.5357 -0.7681
vn 0.9607 -0.0130 0.2774
vn 0.8872 0.3421 -0.3096
vn 0.8855 -0.1399 0.4431
vn 0.3853 0.5615 -0.7323
vn -0.8500 -0.3911 0.3529
vn 0.3615 -0.4795 0.7996
vn -0.9715 0.0581 -0.2298
vn 0.8912 0.0820 0.4461
vn 0.2528 0.1399 0.9574
vn 0.3566 -0.0982 0.9291
vn 0.2885 0.4882 -0.8237
vn 0.7258 0.6517 -0.2202
vn 0.8609 0.3393 -0.3791
vn -0.9797 0.1858 -0.0747
vn -0.7323 0.1167 0.6709
vn -0.8699 0.4902 0.0553
vn -0.3275 -0.0745 0.9419
vn -0.2149 0.2140 0.9529
vn -0.4302 0.4490 -0.7831
vn -0.4635 0.6939 -0.5510
vn 0.6334 0.5129 0.5795
vn 0.2475 0.7971 -0.5507
vn -0.8206 -0.0174 0.5713
vn -0.0880 0.8666 0.4911
vn -0.8610 -0.1780 0.4765
vn -0.4261 0.3420 -0.8376
vn 0.2962 0.3738 -0.8790
vn 0.9042 -0.0427 0.4250
vn -0.9762 0.0981 -0.1935
vn -0.2387 -0.2857 0.9281
vn 0.9064 0.2122 -0.3653
vn 0.3887 -0.2446 0.8883
vn 0.6042 0.7964 -0.0278
vn 0.0305 0.9140 -0.4045
vn -0.9487 -0.1050 -0.2983
vn -0.6792 -0.7308 0.0679
vn 0.2373 -0.8277 0.5086
vn -0.4570 0.7512 -0.4763
vn -0.3456 -0.9008 0.2629
vn 0.4881 -0.1954 0.8506
vn -0.2943 0.9435 0.1523
vn -0.4542 0.8852 -0.1005
vn -0.5475 0.8319 0.0902
vn -0.4491 0.8879 0.0995
vn -0.2270 0.9701 0.0855
vn -0.3441 0.9354 0.0820
vn -0.5779 0.8057 -0.1298
vn -0.5322 0.8466 -0.0020
vn -0.4041 0.9146 -0.0154
vn -0.3218 0.9456 0.0469
vn -0.5194 0.8525 -0.0589
vn -0.3888 0.9196 -0.0571
vn -0.8464 0.3927 -0.3596
vn -0.8580 0.4828 -0.1752
vn -0.7904 0.5963 -0.1404
vn -0.7906 -0.5991 -0.1270
vn -0.8332 0.5201 -0.1880
vn -0.6941 -0.7197 0.0162
vn -0.6445 -0.7618 -0.0655
vn -0.1674 -0.9762 0.1382
vn -0.0012 -0.9976 0.0698
vn 0.0010 -0.9906 0.1368
vn -0.2377 -0.9604 0.1453
vn 0.2405 -0.9559 0.1689
vn 0.1792 -0.9677 0.1774
vn -0.2004 -0.9733 0.1121
vn 0.1428 -0.9822 0.1218
vn 0.6760 -0.7318 0.0866
vn 0.5781 -0.8096 0.1014
vn 0.5011 -0.8612 0.0849
vn 0.4309 -0.8844 0.1792
vn 0.2949 -0.9540 0.0543
vn 0.4497 -0.8911 0.0615
vn 0.9801 -0.1969 -0.0265
vn 0.6595 -0.7472 -0.0827
vn 0.8000 -0.5990 -0.0352
vn 0.8360 -0.5467 -0.0474
vn 0.9303 -0.3575 -0.0817
vn -0.7381 -0.6689 -0.0889
vn -0.3756 -0.9253 -0.0524
vn -0.3841 -0.9227 0.0337
vn 0.3250 -0.7804 0.5342
vn -0.0288 -0.9133 0.4064
vn 0.2128 -0.9039 0.3710
vn 0.3961 -0.8030 0.4452
vn 0.0001 -0.9198 0.3924
vn 0.1863 -0.9613 0.2031
vn 0.0362 -0.8328 0.5523
vn -0.1662 -0.9115 0.3763
vn 0.0191 -0.9218 0.3872
vn 0.0128 -0.9707 0.2398
vn 0.6055 -0.7637 0.2238
vn 0.8990 -0.4242 0.1088
vn 0.4006 -0.8249 0.3989
vn 0.5857 -0.7983 0.1400
vn 0.8943 -0.4405 0.0788
vn -0.1369 0.9697 0.2024
vn -0.2366 0.9714 0.0213
vn -0.3026 0.9243 0.2328
vn -0.1922 0.9809 -0.0299
vn -0.1740 0.9645 0.1986
vn -0.3231 0.9459 0.0296
vn -0.3553 0.9155 0.1886
vn 0.3093 0.9510 0.0032
vn -0.2784 0.9237 0.2632
vn -0.2874 0.9360 0.2034
vn -0.0834 0.6192 0.7808
vn 0.2131 0.6550 0.7249
vn -0.4084 -0.8911 0.1978
vn -0.2793 -0.8709 0.4044
vn -0.7341 -0.6788 0.0190
vn -0.3281 -0.9316 0.1563
vn -0.2680 -0.8854 0.3797
vn -0.1029 0.9696 0.2220
vn -0.1653 0.9860 0.0237
vn -0.3713 0.9151 0.1570
vn -0.1784 0.9809 0.0771
vn -0.2123 0.9760 0.0493
vn -0.1831 0.9643 -0.1911
vn -0.8314 0.4903 -0.2616
vn -0.1110 0.9741 0.1970
vn -0.2892 0.9441 -0.1583
vn -0.8159 0.5172 -0.2583
vn 0.2089 0.6388 0.7404
vn -0.6393 0.3138 0.7021
vn -0.3468 0.4806 0.8054
vn -0.6485 0.4383 0.6223
vn -0.8285 -0.5397 0.1495
vn 0.0881 -0.9760 0.1992
vn -0.1655 -0.9830 0.0792
vn 0.2080 -0.9714 0.1147
vn 0.6723 -0.7395 0.0352
vn -0.3543 0.9342 0.0407
vn 0.9233 0.3723 0.0944
vn 0.8719 0.4294 0.2355
vn 0.2934 0.8888 0.3521
vn -0.4055 0.8535 0.3274
vn -0.2551 0.9385 0.2327
vn 0.9854 0.0924 -0.1434
vn 0.3595 0.9041 -0.2310
vn -0.2606 0.9630 -0.0689
vn -0.7741 0.6321 -0.0353
vn -0.9911 -0.0422 -0.1266
vn 0.7564 -0.6490 0.0812
vn -0.2225 -0.9628 0.1532
vn 0.2402 -0.9627 0.1248
vn -0.3720 -0.9223 0.1052
vn -0.4902 -0.8684 0.0746
vn 0.1724 -0.9790 0.1088
vn -0.7623 0.6458 0.0430
vn 0.4281 0.9016 -0.0629
vn -0.9932 -0.1048 0.0512
vn 0.7424 -0.6631 0.0958
vn 0.9937 0.1098 -0.0206
vn -0.1818 0.9830 -0.0264
vn 0.9495 0.1477 0.2769
vn 0.1116 0.7061 -0.6993
vn 0.9935 -0.0100 0.1135
vn 0.5189 0.7869 -0.3338
vn 0.9790 -0.2023 0.0240
vn 0.9543 -0.2742 0.1187
vn 0.9276 0.3046 0.2161
vn 0.3252 0.5857 -0.7424
vn 0.9158 0.1994 0.3487
vn -0.5542 0.2879 -0.7810
vn -0.8485 -0.2745 0.4524
vn -0.6359 0.3217 -0.7015
vn -0.7759 -0.4224 0.4686
vn -0.5571 0.5536 -0.6190
vn -0.4464 0.6428 -0.6225
vn -0.3380 -0.8111 0.4775
vn -0.5374 0.7197 -0.4396
vn -0.8493 0.4488 -0.2778
vn 0.5840 -0.0824 0.8075
vn -0.2497 0.9256 0.2846
vn 0.2032 -0.2410 0.9490
vn -0.2666 -0.3374 0.9028
vn -0.2827 0.9202 0.2709
vn -0.2256 0.9315 0.2854
vn 0.1164 0.8133 -0.5701
vn 0.9195 -0.0395 0.3911
vn 0.9581 -0.1568 0.2398
vn 0.3669 0.8509 -0.3759
vn 0.1146 0.8239 -0.5550
vn 0.0900 0.6186 -0.7806
vn 0.1239 0.6251 -0.7706
vn -0.8419 -0.2532 0.4766
vn -0.4377 0.4810 -0.7597
vn -0.4867 0.4649 -0.7396
vn -0.6005 0.6293 -0.4934
vn -0.6082 0.6196 -0.4962
vn -0.6934 -0.6561 0.2978
vn 0.2000 0.7422 -0.6397
vn 0.9466 -0.3137 0.0744
vn -0.7483 -0.5790 0.3238
vn 0.2260 0.5051 -0.8329
vn 0.9408 0.0863 0.3277
vn 0.3762 0.6537 -0.6567
vn 0.2962 -0.8484 -0.4386
vn 0.7836 0.5716 -0.2434
vn 0.9639 -0.2111 0.1623
vn 0.7848 -0.4984 0.3683
vn 0.8624 0.0968 0.4968
vn 0.5954 0.4515 -0.6646
vn 0.9234 0.3836 -0.0137
vn -0.5001 0.2868 -0.8171
vn -0.9253 -0.1424 0.3515
vn -0.4722 0.4115 -0.7795
vn -0.8937 -0.2978 0.3357
vn -0.4394 0.4880 -0.7542
vn -0.4592 0.5510 -0.6968
vn -0.8055 -0.5732 0.1503
vn -0.8659 0.3444 -0.3627
vn -0.5554 -0.7533 0.3523
vn 0.4937 -0.1500 0.8566
vn -0.1601 0.8095 0.5649
vn -0.0515 -0.2961 0.9538
vn -0.5735 -0.2986 0.7629
vn -0.2644 0.9175 0.2972
vn -0.0206 0.9037 0.4276
vn 0.2265 0.7762 -0.5884
vn 0.2415 0.7700 -0.5905
vn 0.4665 0.4633 -0.7535
vn 0.4751 0.4794 -0.7378
vn -0.8559 -0.1631 0.4907
vn -0.4702 0.3572 -0.8071
vn -0.5010 0.3516 -0.7908
vn -0.5289 0.6300 -0.5687
vn -0.4650 0.6603 -0.5898
vn -0.4428 0.7312 -0.5189
vn 0.1773 0.6698 -0.7210
vn -0.8254 -0.5117 0.2385
vn 0.8590 0.1327 0.4945
vn 0.8853 -0.0705 0.4597
vn 0.5542 0.5420 -0.6317
vn 0.8953 -0.2599 0.3618
vn 0.8157 0.5403 -0.2067
vn 0.8829 -0.3429 0.3207
vn 0.6072 -0.6089 0.5105
vn 0.8302 0.0571 0.5545
vn 0.6956 0.5497 -0.4625
vn 0.7696 -0.0110 0.6384
vn -0.5560 0.4988 -0.6649
vn -0.9385 -0.0294 0.3440
vn -0.9720 0.0105 0.2347
vn -0.9471 -0.2197 0.2340
vn -0.4378 0.4713 -0.7656
vn -0.3830 0.5049 -0.7736
vn -0.8451 -0.5286 0.0801
vn -0.9088 0.2189 -0.3552
vn -0.6004 -0.7276 0.3317
vn 0.3631 -0.1910 0.9120
vn -0.1202 0.9588 0.2576
vn -0.1614 -0.2756 0.9476
vn -0.1993 0.9568 0.2117
vn -0.5973 -0.2398 0.7653
vn -0.0679 0.9603 0.2706
vn 0.4993 0.6264 -0.5986
vn 0.7076 0.6386 -0.3025
vn 0.4898 0.6527 -0.5779
vn 0.5218 0.4593 -0.7189
vn 0.5135 0.4689 -0.7186
vn -0.4073 0.4262 -0.8078
vn -0.4056 0.4130 -0.8155
vn -0.4028 0.5400 -0.7390
vn -0.4458 0.4863 -0.7515
vn -0.7319 0.4683 -0.4951
vn 0.4989 0.5866 -0.6380
vn -0.9056 -0.3898 0.1672
vn 0.4973 0.4351 -0.7506
vn 0.8069 -0.1572 0.5694
vn 0.5384 0.5801 -0.6113
vn 0.8882 -0.2670 0.3739
vn 0.9680 0.2502 0.0203
vn 0.7871 -0.4838 0.3826
vn 0.0444 -0.8312 0.5542
vn 0.7507 0.0569 0.6582
vn 0.5397 0.2671 -0.7984
vn 0.7146 0.3846 -0.5843
vn -0.3252 0.3793 -0.8663
vn -0.9774 0.1956 0.0799
vn -0.9768 0.1086 0.1848
vn -0.9557 -0.2934 -0.0225
vn -0.4669 0.5568 -0.6870
vn -0.9820 -0.1436 0.1226
vn -0.8995 -0.4265 -0.0951
vn -0.8235 0.4097 -0.3924
vn -0.7803 -0.6200 0.0823
vn 0.2582 -0.0003 0.9661
vn -0.0300 0.9981 0.0531
vn -0.2850 0.0007 0.9585
vn -0.1589 0.9808 -0.1127
vn -0.7278 0.0455 0.6843
vn 0.2139 0.9724 0.0931
vn 0.5761 0.6869 -0.4431
vn 0.8114 0.5478 -0.2038
vn 0.5649 0.7172 -0.4081
vn 0.5239 0.4108 -0.7461
vn 0.5472 0.4033 -0.7334
vn -0.1233 0.4154 -0.9012
vn -0.1016 0.2398 -0.9655
vn -0.0989 0.4257 -0.8994
vn -0.3140 0.7372 -0.5983
vn -0.3277 0.7428 -0.5838
vn -0.3586 0.8101 -0.4639
vn 0.5212 0.6497 -0.5534
vn -0.2302 0.5899 -0.7740
vn 0.8401 0.1612 0.5179
vn -0.6327 -0.6338 0.4449
vn 0.8716 0.2397 0.4275
vn 0.9560 0.0176 0.2928
vn -0.7002 -0.4862 0.5229
vn -0.6555 -0.4377 0.6155
vn -0.7386 -0.2663 0.6193
vn 0.9634 -0.2202 0.1530
vn 0.4647 -0.8151 0.3461
vn -0.2653 -0.8877 0.3763
vn 0.0228 -0.9005 0.4343
vn 0.7542 -0.6084 0.2471
vn 0.7401 -0.6381 0.2123
vn 0.2737 -0.5675 0.7765
vn -0.2460 -0.7512 0.6126
vn -0.3365 -0.6296 0.7002
vn 0.7156 -0.3262 0.6177
vn 0.7766 -0.4116 0.4769
vn -0.3265 -0.3381 0.8827
vn 0.6645 -0.0240 0.7469
vn 0.3286 -0.7146 0.6175
vn -0.2397 -0.7892 0.5654
vn -0.3367 -0.3492 0.8745
vn 0.2986 -0.8939 0.3343
vn -0.2359 -0.9281 0.2881
vn 0.2729 -0.5342 0.8001
vn 0.7171 -0.3150 0.6218
vn -0.3328 -0.5737 0.7484
vn 0.7400 -0.6308 0.2335
vn 0.2237 -0.2260 0.9481
vn 0.6591 -0.0296 0.7514
vn 0.7660 -0.4764 0.4316
vn 0.3147 -0.6783 0.6640
vn 0.2939 -0.8971 0.3298
vn -0.5720 -0.7840 0.2412
vn 0.2065 -0.2598 0.9433
vn -0.6095 -0.7088 0.3551
vn -0.7082 -0.7039 0.0541
vn -0.8030 -0.5178 0.2951
vn 0.8294 0.0669 0.5546
vn 0.9178 -0.1744 0.3567
vn 0.7870 0.1045 0.6081
vn 0.8545 -0.0850 0.5124
vn -0.7937 -0.3751 0.4790
vn 0.9167 -0.3844 0.1090
vn -0.8172 -0.2918 0.4970
vn -0.7781 -0.2050 0.5937
vn 0.8874 -0.2631 0.3785
vn 0.1724 -0.8848 0.4330
vn -0.4468 -0.8407 0.3060
vn -0.2085 -0.8925 0.3999
vn 0.6630 -0.6642 0.3454
vn 0.4855 -0.7696 0.4147
vn 0.1262 -0.5260 0.8411
vn -0.4443 -0.6688 0.5961
vn -0.5154 -0.5346 0.6697
vn 0.6395 -0.3209 0.6986
vn 0.6436 -0.4592 0.6124
vn -0.4637 -0.2877 0.8380
vn 0.5252 -0.1244 0.8418
vn 0.1451 -0.6474 0.7482
vn -0.4579 -0.6050 0.6514
vn -0.4769 -0.1723 0.8619
vn 0.1534 -0.9016 0.4044
vn -0.4171 -0.8777 0.2361
vn 0.5668 -0.1572 0.8087
vn -0.5262 -0.4390 0.7283
vn 0.6475 -0.7051 0.2892
vn 0.0510 -0.2623 0.9636
vn 0.4855 -0.0148 0.8741
vn 0.6276 -0.4339 0.6465
vn 0.1435 -0.6148 0.7755
vn 0.1642 -0.9293 0.3308
vn 0.0874 -0.3927 0.9155
vn 0.0112 -0.0780 0.9969
vn -0.7510 -0.5586 0.3521
vn -0.8022 -0.5939 0.0619
vn -0.8963 -0.3665 0.2495
vn 0.7142 -0.0342 0.6992
vn 0.8406 -0.1948 0.5054
vn 0.7449 0.0220 0.6668
vn 0.8085 -0.1742 0.5621
vn -0.8742 -0.3056 0.3772
vn 0.8509 -0.4392 0.2883
vn -0.9021 -0.1314 0.4111
vn -0.8791 -0.1156 0.4625
vn 0.7504 -0.4537 0.4806
vn 0.0463 -0.8923 0.4490
vn -0.5453 -0.7919 0.2747
vn -0.2277 -0.8741 0.4290
vn 0.5680 -0.6957 0.4397
vn 0.2744 -0.8265 0.4915
vn -0.6624 -0.4120 0.6257
vn -0.0702 -0.5914 0.8033
vn -0.5602 -0.5745 0.5968
vn 0.3811 -0.5331 0.7553
vn 0.4654 -0.3603 0.8084
vn -0.5949 -0.2277 0.7709
vn 0.4172 -0.1616 0.8943
vn -0.5156 -0.7011 0.4925
vn -0.5904 -0.2369 0.7715
vn -0.0190 -0.8936 0.4485
vn -0.5302 -0.8158 0.2311
vn -0.0892 -0.4532 0.8869
vn 0.4060 -0.1864 0.8946
vn -0.6476 -0.2953 0.7025
vn 0.5517 -0.7188 0.4231
vn -0.1115 -0.2516 0.9614
vn 0.4029 -0.1225 0.9070
vn 0.3926 -0.6929 0.6048
vn -0.0488 -0.7824 0.6208
vn 0.0055 -0.9104 0.4137
vn -0.1047 -0.2582 0.9604
vn -0.1481 -0.3216 0.9352
vn -0.8161 -0.5233 0.2450
vn -0.8256 -0.5481 -0.1343
vn -0.9259 -0.3649 0.0975
vn 0.6829 -0.1143 0.7215
vn 0.7690 -0.3259 0.5499
vn 0.8057 -0.1947 0.5595
vn -0.9782 -0.1445 0.1489
vn 0.7708 -0.5794 0.2649
vn -0.9461 -0.1380 0.2931
vn -0.9617 0.1012 0.2548
vn 0.8171 -0.4336 0.3799
vn -0.3736 -0.8859 0.2750
vn -0.5701 -0.8113 0.1294
vn -0.5438 -0.8184 0.1857
vn 0.4086 -0.8147 0.4116
vn -0.2035 -0.8997 0.3863
vn -0.2188 -0.6113 0.7605
vn -0.7024 -0.5838 0.4072
vn -0.7293 -0.4734 0.4940
vn 0.4063 -0.4938 0.7688
vn 0.4774 -0.5798 0.6602
vn -0.1894 0.0125 0.9818
vn -0.7445 0.0640 0.6645
vn 0.3684 0.0281 0.9293
vn -0.1531 -0.7100 0.6873
vn -0.6698 -0.6175 0.4123
vn -0.7409 -0.0282 0.6710
vn -0.1176 -0.9448 0.3058
vn -0.5437 -0.8345 0.0894
vn 0.3329 -0.3259 0.8849
vn -0.7212 -0.3638 0.5895
vn 0.4224 -0.8618 0.2809
vn 0.3548 -0.0147 0.9348
vn 0.4620 -0.5963 0.6565
vn -0.1474 -0.6587 0.7378
vn 0.7552 0.0620 0.6526
vn -0.0738 -0.9771 0.1996
vn -0.2360 -0.4866 0.8412
vn -0.1983 -0.0722 0.9775
vn -0.9114 -0.4038 0.0786
vn 0.7760 -0.4610 0.4304
vn 0.3395 -0.7405 0.5800
vn -0.3003 -0.7818 0.5465
vn 0.7468 -0.2696 0.6079
vn -0.2990 -0.5944 0.7465
vn 0.2896 -0.5106 0.8096
vn 0.6786 -0.4494 0.5810
vn -0.5045 -0.6989 0.5069
vn 0.6120 -0.2132 0.7616
vn 0.0666 -0.3620 0.9298
vn -0.5147 -0.3995 0.7586
vn 0.0989 -0.7486 0.6556
vn 0.5264 -0.4702 0.7083
vn -0.6511 -0.5761 0.4941
vn 0.4507 -0.4269 0.7840
vn -0.6082 -0.4685 0.6408
vn -0.1040 -0.5359 0.8378
vn -0.0813 -0.6462 0.7588
vn 0.4515 -0.6246 0.6372
vn -0.1866 -0.8122 0.5528
vn -0.6887 -0.6393 0.3419
vn 0.4542 -0.3084 0.8358
vn -0.7607 -0.3252 0.5617
vn -0.2033 -0.3922 0.8971
vn 0.3455 0.7709 -0.5351
vn 0.6225 0.7164 -0.3151
vn 0.5786 0.6136 -0.5373
vn 0.9843 -0.1374 -0.1105
vn 0.9098 0.3910 -0.1392
vn 0.9900 0.0491 0.1320
vn 0.3408 0.7908 -0.5085
vn 0.6434 0.7408 -0.1932
vn 0.6583 0.6124 -0.4377
vn 0.9402 -0.2845 0.1872
vn 0.9280 0.3424 0.1466
vn 0.8967 -0.1264 0.4242
vn 0.9708 0.2010 -0.1307
vn 0.9033 0.2213 -0.3676
vn 0.6963 -0.5893 0.4098
vn 0.6715 -0.3989 0.6245
vn 0.8764 -0.2437 0.4153
vn 0.9136 -0.3803 0.1441
vn 0.9041 -0.2481 -0.3478
vn 0.8928 -0.4454 -0.0675
vn 0.5320 0.4034 -0.7444
vn 0.8045 0.0445 -0.5922
vn 0.9209 -0.3878 -0.0401
vn 0.6735 -0.7285 0.1251
vn 0.9203 0.0673 -0.3854
vn 0.6206 0.4567 -0.6373
vn 0.3335 -0.8943 0.2982
vn 0.0195 -0.9398 0.3412
vn 0.3221 -0.8682 0.3773
vn -0.0967 -0.9684 0.2299
vn -0.3520 -0.8565 0.3775
vn 0.0109 -0.9401 0.3408
vn -0.4428 -0.8613 0.2493
vn -0.7885 -0.4797 0.3848
vn -0.8470 -0.4666 0.2546
vn -0.9403 -0.0923 0.3275
vn -0.6643 0.7328 0.1471
vn -0.2253 0.9094 0.3496
vn -0.6122 0.7101 0.3478
vn -0.2284 0.9613 0.1539
vn 0.1766 0.9214 0.3462
vn 0.8718 0.3920 0.2938
vn 0.9811 -0.0677 0.1810
vn 0.9595 -0.0865 0.2680
vn 0.8720 -0.4492 0.1947
vn 0.8112 -0.4958 0.3102
vn 0.5918 -0.7345 0.3322
vn 0.3338 -0.9159 0.2229
vn 0.6995 -0.6841 0.2067
vn 0.1948 0.9635 0.1836
vn 0.6277 0.7059 0.3281
vn -0.9212 0.3450 0.1799
vn -0.8873 0.3184 0.3337
vn 0.2674 0.9577 0.1062
vn -0.3019 0.9287 0.2155
vn 0.1659 0.9804 0.1059
vn -0.2285 0.9560 0.1842
vn -0.7172 0.6581 0.2292
vn -0.9881 0.0563 0.1434
vn -0.8568 -0.5041 0.1089
vn -0.9709 0.1856 0.1511
vn -0.1233 -0.9702 0.2084
vn 0.2904 -0.9374 0.1919
vn -0.1422 -0.9735 0.1791
vn -0.8664 -0.4826 0.1281
vn -0.4322 -0.8881 0.1562
vn -0.4739 -0.8597 0.1906
vn 0.6540 -0.7380 0.1663
vn 0.2974 -0.9352 0.1924
vn -0.7572 0.6246 0.1909
vn 0.9948 0.0810 0.0611
vn 0.8339 -0.5385 0.1214
vn 0.8795 -0.4620 0.1143
vn 0.7783 0.6251 0.0587
vn 0.7339 0.6759 0.0667
vn 0.9986 0.0068 0.0532
vn 0.6024 -0.7803 0.1680
vn 0.6794 -0.7031 0.2101
vn 0.8749 -0.4472 0.1858
vn 0.8992 0.3943 0.1898
vn 0.9871 0.0600 0.1485
vn 0.7975 0.5800 0.1663
vn 0.5076 0.8155 0.2783
vn -0.6602 0.7232 0.2029
vn -0.7754 0.6017 0.1916
vn 0.3411 -0.9072 0.2463
vn -0.0751 -0.9651 0.2510
vn -0.4635 -0.8469 0.2606
vn -0.8572 -0.4570 0.2374
vn -0.9717 -0.1098 0.2093
vn -0.9729 -0.0015 0.2314
vn -0.2567 0.9440 0.2074
vn -0.2389 0.9514 0.1946
vn 0.2074 0.9531 0.2203
vn 0.3381 0.9282 0.1553
vn 0.8612 -0.5082 -0.0122
vn 0.6344 -0.7695 0.0730
vn 0.6443 -0.7615 0.0711
vn -0.0610 -0.9825 0.1758
vn -0.3222 -0.9409 0.1041
vn -0.3757 -0.9216 0.0973
vn -0.5637 -0.8249 -0.0422
vn -0.5612 -0.8277 0.0001
vn 0.2083 -0.9553 0.2096
vn -0.0600 -0.9864 0.1529
vn 0.4015 -0.8979 0.1804
vn 0.4546 -0.8738 0.1725
vn 0.7481 -0.6593 0.0754
vn 0.5199 -0.8354 0.1785
vn -0.1086 -0.9693 0.2204
vn -0.6334 -0.7712 0.0635
vn 0.2332 -0.9417 0.2426
vn -0.4378 -0.8911 0.1193
vn 0.9006 -0.4304 -0.0598
vn 0.7705 -0.6240 0.1303
vn -0.1299 -0.9723 0.1946
vn -0.4417 -0.8846 0.1495
vn 0.2733 -0.9349 0.2263
vn -0.6816 -0.7243 0.1043
vn 0.5799 -0.7946 0.1797
vn -0.2359 -0.9373 0.2566
vn -0.1027 -0.9087 0.4047
vn -0.3219 -0.8168 0.4788
vn 0.2479 -0.9610 0.1228
vn 0.3851 -0.9138 0.1293
vn -0.3748 -0.9261 -0.0428
vn -0.2435 -0.9666 0.0806
vn -0.4389 -0.8671 0.2356
vn -0.3920 -0.9177 -0.0646
vn 0.1093 -0.9498 0.2933
vn 0.2024 -0.9113 0.3585
vn -0.0031 -0.8252 0.5648
vn 0.3949 -0.8876 0.2371
vn 0.2346 -0.9715 0.0336
vn -0.7286 -0.6832 -0.0484
vn -0.7631 -0.6448 0.0426
vn -0.0143 -0.9909 0.1335
vn 0.6172 -0.7318 0.2890
vn 0.3259 -0.7699 0.5486
vn 0.6328 -0.7743 -0.0079
vn 0.8941 -0.4119 0.1757
vn -0.0943 -0.6102 0.7866
vn -0.1433 -0.7345 0.6633
vn -0.3099 -0.6789 0.6656
vn -0.3550 -0.8001 0.4836
vn 0.2601 -0.5420 0.7991
vn 0.8142 -0.4965 0.3010
vn 0.4416 -0.6446 0.6241
vn 0.1537 -0.7583 0.6335
vn -0.7004 -0.6844 0.2026
vn 0.8972 -0.4410 0.0244
vn 0.9609 -0.2729 -0.0470
vn 0.9544 -0.2915 -0.0638
vn 0.9695 -0.1856 -0.1603
vn 0.9364 0.0140 -0.3505
vn 0.8178 0.3624 -0.4470
vn 0.9683 0.0222 -0.2487
vn 0.5764 0.5490 -0.6053
vn 0.6002 0.5895 -0.5406
vn 0.3976 0.6985 -0.5950
vn 0.4120 0.7391 -0.5329
vn 0.9588 -0.1527 -0.2397
vn 0.9816 -0.1134 -0.1534
vn 0.9865 -0.1575 -0.0442
vn 0.9688 -0.2393 0.0644
vn 0.9595 -0.2816 0.0113
vn 0.9681 -0.1406 -0.2076
vn 0.3467 0.7423 -0.5733
vn 0.6159 0.5396 -0.5741
vn 0.8839 0.1967 -0.4242
vn 0.6294 -0.7767 0.0244
vn 0.8360 -0.5368 0.1138
vn 0.1532 -0.9681 0.1980
vn -0.0288 -0.9899 0.1390
vn -0.6235 -0.7816 0.0182
vn 0.7865 -0.6052 0.1230
vn 0.2099 -0.9575 0.1977
vn -0.6481 -0.2849 -0.7063
vn -0.5639 -0.3635 -0.7415
vn 0.0104 -0.3687 -0.9295
vn -0.6257 0.7006 0.3430
vn -0.1213 0.3217 -0.9391
vn -0.3358 0.3336 -0.8809
vn 0.6367 0.0786 -0.7671
vn 0.6116 -0.7282 0.3093
vn 0.9611 -0.0981 0.2583
vn 0.3385 0.3184 -0.8855
vn 0.8888 0.3521 0.2932
vn 0.1748 0.9085 0.3794
vn 0.2084 0.3396 -0.9172
vn 0.0695 0.4830 -0.8728
vn -0.2433 0.8973 0.3682
vn 0.6500 0.1760 -0.7392
vn 0.8411 -0.4614 0.2823
vn -0.9443 -0.0907 0.3163
vn -0.5703 0.2098 -0.7942
vn -0.5227 0.0520 -0.8509
vn 0.3986 0.3121 -0.8624
vn -0.7872 -0.5059 0.3526
vn -0.6312 -0.0620 -0.7732
vn -0.3502 -0.8536 0.3857
vn -0.8911 0.2801 0.3571
vn 0.6399 0.7105 0.2928
vn 0.9937 -0.1104 -0.0201
vn 0.9240 0.0777 -0.3744
vn 0.9140 -0.4054 0.0173
vn 0.6138 0.5944 -0.5196
vn 0.2385 0.7128 -0.6595
vn 0.6292 0.4929 -0.6009
vn 0.9306 0.3456 0.1205
vn 0.9354 -0.0916 0.3415
vn 0.9093 -0.1551 0.3860
vn 0.6423 0.7453 -0.1788
vn 0.6430 0.7143 -0.2764
vn 0.8219 0.5654 -0.0688
vn 0.6670 -0.5237 0.5300
vn 0.9121 0.2450 -0.3288
vn 0.3695 0.6410 -0.6727
vn 0.2397 0.9022 -0.3587
vn 0.3220 0.9069 -0.2718
vn 0.1976 0.8098 -0.5524
vn 0.4029 0.8027 -0.4397
vn 0.9531 0.2598 0.1554
vn 0.6260 -0.6991 0.3456
vn 0.7740 -0.4181 0.4756
vn 0.8634 -0.3790 0.3331
vn 0.6531 0.7346 0.1839
vn -0.8669 0.3809 0.3215
vn -0.5496 0.7716 0.3202
vn -0.4912 0.7809 -0.3858
vn -0.7106 0.6279 0.3176
vn -0.5370 0.7350 -0.4140
vn -0.9602 0.1965 -0.1984
vn -0.7268 0.6546 -0.2082
vn -0.9469 0.2029 -0.2494
vn -0.8965 0.3389 -0.2853
vn -0.8581 0.4220 -0.2926
vn 0.8967 -0.4362 0.0749
vn 0.5282 0.8392 -0.1293
vn 0.5578 0.8214 -0.1190
vn 0.1162 0.9619 -0.2476
vn 0.1645 0.8663 0.4716
vn -0.1071 0.9752 -0.1934
vn -0.0053 0.3623 0.9320
vn -0.1547 0.5875 0.7943
vn -0.2267 0.5752 0.7860
vn -0.2963 0.5300 0.7945
vn -0.1341 0.3153 0.9395
vn -0.1800 0.5730 0.7995
vn -0.2140 0.4631 0.8601
vn 0.0419 0.4734 0.8799
vn 0.1404 0.2481 0.9585
vn -0.0360 0.0196 0.9992
vn -0.0303 0.0483 0.9984
vn -0.5263 0.0873 0.8458
vn 0.2753 0.8999 0.3383
vn 0.6244 0.7455 -0.2330
vn -0.8418 0.4311 -0.3250
vn -0.7251 0.6716 -0.1524
vn -0.6922 0.7135 -0.1086
vn -0.2053 -0.2855 -0.9361
vn -0.5058 -0.1191 -0.8544
vn -0.0296 -0.5638 -0.8254
vn -0.0406 -0.6220 -0.7819
vn 0.7091 0.4289 -0.5597
vn 0.2582 -0.2004 -0.9451
vn 0.2611 -0.3078 0.9149
vn 0.3746 -0.1520 0.9146
vn 0.7042 0.6446 0.2976
vn 0.0784 -0.5180 0.8518
vn -0.9553 0.2875 0.0691
vn -0.8722 0.4285 -0.2361
vn -0.9092 0.4074 -0.0854
vn -0.7118 -0.5594 0.4247
vn -0.0344 -0.7984 0.6011
vn -0.4946 -0.6629 0.5620
vn -0.1264 0.4996 0.8570
vn -0.0521 0.1299 0.9902
vn -0.3574 0.6560 0.6648
vn -0.2249 -0.7044 0.6732
vn -0.9212 0.3824 0.0715
vn -0.9721 0.2345 -0.0087
vn -0.8407 -0.4807 0.2494
vn -0.9401 0.3046 0.1533
vn -0.9843 0.1766 -0.0049
vn -0.7175 -0.6440 0.2656
vn -0.9213 -0.3222 0.2176
vn -0.2146 -0.6784 0.7026
vn -0.9209 0.3897 0.0067
vn 0.3292 0.6140 -0.7173
vn 0.4892 0.4991 -0.7153
vn 0.0872 0.7814 -0.6179
vn 0.0943 0.7590 -0.6443
vn -0.5702 0.5703 -0.5913
vn -0.3991 0.7318 -0.5524
vn -0.6120 0.5419 -0.5760
vn -0.5299 -0.5619 -0.6352
vn -0.1933 -0.7685 -0.6099
vn -0.1490 -0.7471 -0.6478
vn 0.7273 0.1175 -0.6761
vn 0.4793 0.5345 -0.6961
vn -0.7307 -0.2229 -0.6453
vn -0.7314 0.2686 -0.6269
vn -0.7718 -0.1361 -0.6212
vn -0.2335 0.7764 -0.5855
vn -0.3275 0.7784 -0.5355
vn -0.3181 0.7678 -0.5562
vn -0.7162 0.2544 -0.6499
vn 0.7012 -0.2029 -0.6835
vn 0.7207 0.2285 -0.6545
vn 0.1991 -0.7466 -0.6348
vn 0.5415 -0.5616 -0.6256
vn 0.5003 -0.5684 -0.6532
vn -0.2357 0.7905 -0.5653
vn -0.3714 0.7338 -0.5688
vn 0.2210 -0.7666 -0.6029
vn 0.7471 -0.1460 -0.6485
vn -0.5779 -0.5363 -0.6152
vn 0.2196 0.8532 -0.4731
vn -0.3100 0.4213 -0.8523
usemtl Material.001
s 1
f 1/1/1 2/2/2 3/3/3
f 4/4/4 5/5/5 2/6/2
f 6/7/6 7/8/7 8/9/8
f 9/10/9 10/11/10 7/8/7
f 10/12/10 11/13/11 12/14/12
f 12/14/12 13/15/13 14/16/14
f 5/5/5 6/7/6 8/9/8
f 13/15/13 15/17/15 1/1/1
f 6/7/6 16/18/16 17/19/17
f 18/20/18 19/21/19 11/13/11
f 9/10/9 17/19/17 20/22/20
f 4/23/4 15/17/15 21/24/21
f 11/13/11 22/25/22 13/15/13
f 18/26/18 20/22/20 23/27/23
f 24/28/24 21/29/21 16/18/16
f 25/30/25 26/31/26 27/32/27
f 28/33/28 29/34/29 30/35/30
f 31/36/31 32/37/32 33/38/33
f 25/30/25 34/39/34 35/40/35
f 36/41/36 32/37/32 37/42/37
f 30/43/30 26/31/26 38/44/38
f 36/41/36 39/45/39 28/33/28
f 35/40/35 40/46/40 31/47/31
f 41/48/41 34/39/34 27/32/27
f 41/48/41 26/31/26 29/49/29
f 32/37/32 41/50/41 37/42/37
f 41/50/41 39/45/39 37/42/37
f 21/24/21 42/51/42 43/52/43
f 17/19/17 44/53/44 20/22/20
f 23/54/23 45/55/45 19/21/19
f 17/19/17 46/56/46 47/57/47
f 22/25/22 42/51/42 15/17/15
f 16/18/16 43/58/43 46/56/46
f 20/22/20 48/59/48 23/27/23
f 19/21/19 49/60/49 22/25/22
f 43/52/43 35/40/35 31/47/31
f 47/57/47 28/33/28 44/53/44
f 48/61/48 38/44/38 45/55/45
f 47/57/47 33/38/33 36/41/36
f 42/51/42 25/30/25 35/40/35
f 46/56/46 31/36/31 33/38/33
f 44/53/44 30/35/30 48/59/48
f 45/55/45 25/30/25 49/60/49
f 14/16/14 1/1/1 3/3/3
f 10/11/10 50/62/50 7/8/7
f 2/6/2 51/63/51 52/64/52
f 3/3/3 53/65/53 14/16/14
f 7/8/7 54/66/54 8/9/8
f 10/12/10 55/67/55 56/68/56
f 5/5/5 54/66/54 51/63/51
f 3/3/3 52/69/52 57/70/57
f 12/14/12 53/65/53 55/67/55
f 58/71/58 59/72/59 60/73/60
f 59/72/59 61/74/61 60/73/60
f 62/75/62 63/76/63 64/77/64
f 65/78/65 66/79/66 67/80/67
f 68/81/68 69/82/69 70/83/70
f 71/84/71 72/85/72 73/86/73
f 65/78/65 64/87/64 61/74/61
f 73/86/73 68/81/68 74/88/74
f 74/89/74 75/90/75 58/71/58
f 76/91/76 71/84/71 63/76/63
f 65/78/65 77/92/77 62/93/62
f 76/91/76 78/94/78 79/95/79
f 62/75/62 80/96/80 76/91/76
f 59/72/59 81/97/81 66/79/66
f 75/90/75 70/98/70 81/97/81
f 72/85/72 78/94/78 69/82/69
f 69/82/69 82/99/82 70/83/70
f 67/80/67 83/100/83 77/92/77
f 80/96/80 84/101/84 78/94/78
f 66/79/66 85/102/85 86/103/86
f 66/79/66 87/104/87 67/80/67
f 81/97/81 82/105/82 85/102/85
f 78/94/78 88/106/88 69/82/69
f 80/96/80 83/107/83 89/108/89
f 89/108/89 90/109/90 84/101/84
f 88/106/88 90/109/90 82/99/82
f 85/102/85 90/110/90 86/103/86
f 90/110/90 87/104/87 86/103/86
f 60/73/60 91/111/91 58/71/58
f 61/74/61 92/112/92 60/73/60
f 74/88/74 93/113/93 73/86/73
f 64/77/64 94/114/94 95/115/95
f 63/76/63 96/116/96 94/114/94
f 61/74/61 95/117/95 97/118/97
f 58/71/58 98/119/98 74/89/74
f 73/86/73 96/116/96 71/84/71
f 99/120/99 100/121/100 101/122/101
f 102/123/102 103/124/103 100/121/100
f 104/125/104 105/126/105 106/127/106
f 107/128/107 108/129/108 109/130/109
f 106/127/106 110/131/110 111/132/111
f 112/133/112 108/129/108 103/124/103
f 99/134/99 113/135/113 104/125/104
f 111/132/111 114/136/114 107/137/107
f 91/111/91 107/137/107 98/119/98
f 97/118/97 99/134/99 104/125/104
f 96/116/96 109/130/109 112/133/112
f 91/111/91 106/127/106 111/132/111
f 98/138/98 109/130/109 93/113/93
f 97/118/97 106/127/106 92/112/92
f 94/114/94 112/133/112 102/123/102
f 95/115/95 102/123/102 99/120/99
f 115/139/115 116/140/116 117/141/117
f 116/142/116 118/143/118 119/144/119
f 120/145/120 121/146/121 122/147/122
f 123/148/123 124/149/124 121/146/121
f 124/150/124 125/151/125 126/152/126
f 126/152/126 127/153/127 128/154/128
f 119/144/119 120/145/120 122/147/122
f 127/153/127 129/155/129 115/139/115
f 118/143/118 130/156/130 120/145/120
f 131/157/131 132/158/132 125/151/125
f 123/148/123 130/156/130 133/159/133
f 115/139/115 134/160/134 135/161/135
f 125/151/125 136/162/136 127/153/127
f 131/163/131 133/159/133 137/164/137
f 118/143/118 134/165/134 138/166/138
f 139/167/139 140/168/140 141/169/141
f 142/170/142 143/171/143 144/172/144
f 145/173/145 146/174/146 147/175/147
f 139/167/139 148/176/148 149/177/149
f 150/178/150 146/174/146 151/179/151
f 142/180/142 140/168/140 152/181/152
f 150/178/150 143/171/143 153/182/153
f 149/177/149 154/183/154 145/184/145
f 155/185/155 148/176/148 141/169/141
f 155/185/155 140/168/140 144/186/144
f 146/174/146 155/187/155 151/179/151
f 155/187/155 143/171/143 151/179/151
f 134/160/134 156/188/156 157/189/157
f 130/156/130 158/190/158 133/159/133
f 137/191/137 159/192/159 132/158/132
f 130/156/130 160/193/160 161/194/161
f 129/155/129 162/195/162 156/188/156
f 138/166/138 157/196/157 160/193/160
f 133/159/133 163/197/163 137/164/137
f 132/158/132 162/195/162 136/162/136
f 157/189/157 149/177/149 145/184/145
f 161/194/161 153/182/153 158/190/158
f 159/192/159 142/180/142 152/181/152
f 161/194/161 147/175/147 150/178/150
f 156/188/156 139/167/139 149/177/149
f 160/193/160 145/173/145 147/175/147
f 158/190/158 142/170/142 163/197/163
f 159/192/159 139/167/139 162/195/162
f 128/154/128 115/139/115 117/141/117
f 124/149/124 164/198/164 121/146/121
f 116/142/116 165/199/165 166/200/166
f 117/141/117 167/201/167 128/154/128
f 121/146/121 168/202/168 122/147/122
f 126/152/126 169/203/169 124/150/124
f 119/144/119 168/202/168 165/199/165
f 117/141/117 166/204/166 170/205/170
f 126/152/126 167/201/167 171/206/171
f 172/207/172 173/208/173 174/209/174
f 173/210/173 175/211/175 174/212/174
f 176/213/176 177/214/177 178/215/178
f 178/215/178 179/216/179 180/217/180
f 179/218/179 181/219/181 180/220/180
f 182/221/182 183/222/183 181/219/181
f 184/223/184 176/213/176 175/211/175
f 185/224/185 186/225/186 187/226/187
f 188/227/188 189/228/189 190/229/190
f 182/221/182 191/230/191 192/231/192
f 188/227/188 193/232/193 177/214/177
f 187/226/187 194/233/194 173/208/173
f 182/221/182 195/234/195 185/224/185
f 177/214/177 191/235/191 179/216/179
f 184/223/184 194/236/194 189/228/189
f 196/237/196 197/238/197 198/239/198
f 199/240/199 200/241/200 201/242/201
f 202/243/202 203/244/203 204/245/204
f 198/239/198 205/246/205 206/247/206
f 207/248/207 203/244/203 208/249/208
f 199/250/199 209/251/209 196/237/196
f 210/252/210 208/249/208 200/241/200
f 206/247/206 211/253/211 202/254/202
f 212/255/212 205/246/205 197/238/197
f 212/255/212 209/251/209 201/256/201
f 203/244/203 212/257/212 208/249/208
f 212/257/212 200/241/200 208/249/208
f 186/225/186 213/258/213 194/233/194
f 193/232/193 214/259/214 215/260/215
f 192/231/192 216/261/216 217/262/217
f 190/229/190 218/263/218 214/259/214
f 195/234/195 219/264/219 186/225/186
f 194/236/194 218/263/218 189/228/189
f 193/232/193 216/265/216 191/235/191
f 192/231/192 220/266/220 195/234/195
f 219/264/219 202/254/202 213/258/213
f 215/260/215 207/248/207 210/252/210
f 216/261/216 196/237/196 217/262/217
f 214/259/214 204/245/204 207/248/207
f 220/266/220 206/247/206 219/264/219
f 218/263/218 202/243/202 204/245/204
f 216/265/216 210/252/210 199/240/199
f 217/262/217 198/239/198 220/266/220
f 183/222/183 187/226/187 172/207/172
f 180/217/180 221/267/221 178/215/178
f 174/212/174 222/268/222 223/269/223
f 172/207/172 224/270/224 183/222/183
f 178/215/178 225/271/225 176/213/176
f 181/219/181 226/272/226 180/220/180
f 175/211/175 225/271/225 222/268/222
f 174/209/174 227/273/227 172/207/172
f 181/219/181 224/270/224 228/274/228
f 229/275/229 230/276/230 231/277/231
f 230/276/230 232/278/232 231/277/231
f 233/279/233 234/280/234 235/281/235
f 234/280/234 236/282/236 235/281/235
f 237/283/237 238/284/238 236/282/236
f 238/285/238 239/286/239 240/287/240
f 232/288/232 241/289/241 233/279/233
f 239/286/239 242/290/242 243/291/243
f 241/289/241 244/292/244 245/293/245
f 246/294/246 247/295/247 248/296/248
f 241/289/241 249/297/249 234/280/234
f 230/276/230 242/290/242 250/298/250
f 246/299/246 251/300/251 239/286/239
f 237/283/237 249/297/249 247/295/247
f 252/301/252 250/298/250 244/302/244
f 253/303/253 254/304/254 255/305/255
f 256/306/256 257/307/257 258/308/258
f 259/309/259 260/310/260 261/311/261
f 262/312/262 254/304/254 263/313/263
f 264/314/264 261/315/261 265/316/265
f 258/308/258 266/317/266 253/318/253
f 256/306/256 265/316/265 267/319/267
f 262/312/262 260/310/260 268/320/268
f 254/304/254 269/321/269 263/313/263
f 269/321/269 260/310/260 263/313/263
f 265/316/265 269/322/269 267/319/267
f 269/322/269 257/307/257 267/319/267
f 242/290/242 270/323/270 250/298/250
f 249/297/249 271/324/271 272/325/272
f 247/295/247 273/326/273 248/296/248
f 245/293/245 274/327/274 271/324/271
f 251/300/251 275/328/275 242/290/242
f 250/298/250 274/329/274 244/302/244
f 249/297/249 276/330/276 247/295/247
f 248/331/248 277/332/277 251/300/251
f 275/328/275 268/320/268 270/323/270
f 272/325/272 264/314/264 256/306/256
f 276/330/276 253/318/253 273/326/273
f 271/324/271 259/333/259 264/314/264
f 277/332/277 262/312/262 275/328/275
f 274/329/274 268/320/268 259/309/259
f 272/325/272 258/308/258 276/330/276
f 273/334/273 255/305/255 277/332/277
f 240/287/240 243/291/243 229/275/229
f 235/281/235 278/335/278 279/336/279
f 231/277/231 280/337/280 281/338/281
f 229/275/229 282/339/282 240/287/240
f 233/279/233 279/336/279 283/340/283
f 238/284/238 278/335/278 236/282/236
f 232/288/232 283/340/283 280/341/280
f 231/277/231 284/342/284 229/275/229
f 240/287/240 285/343/285 238/285/238
f 105/126/105 286/344/286 110/131/110
f 113/135/113 287/345/287 288/346/288
f 105/126/105 288/346/288 289/347/289
f 286/344/286 290/348/290 291/349/291
f 288/346/288 292/350/292 293/351/293
f 289/347/289 293/351/293 294/352/294
f 295/353/295 296/354/296 297/355/297
f 293/351/293 298/356/298 299/357/299
f 294/352/294 299/357/299 300/358/300
f 300/359/300 301/360/301 302/361/302
f 298/362/298 303/363/303 299/364/299
f 300/359/300 303/363/303 304/365/304
f 305/366/305 306/367/306 307/368/307
f 308/369/308 309/370/309 310/371/310
f 311/372/311 310/371/310 312/373/312
f 310/371/310 313/374/313 314/375/314
f 312/373/312 314/375/314 315/376/315
f 316/377/316 317/378/317 318/379/318
f 319/380/319 320/381/320 321/382/321
f 315/376/315 322/383/322 321/382/321
f 322/383/322 313/374/313 323/384/323
f 303/363/303 311/372/311 304/365/304
f 324/385/324 308/369/308 303/363/303
f 301/360/301 325/386/325 326/387/326
f 167/201/167 327/388/327 171/206/171
f 167/201/167 328/389/328 329/390/329
f 329/390/329 330/391/330 327/388/327
f 329/390/329 331/392/331 332/393/332
f 224/270/224 333/394/333 228/274/228
f 224/270/224 334/395/334 335/396/335
f 333/394/333 336/397/336 331/392/331
f 334/395/334 336/397/336 335/396/335
f 55/67/55 337/398/337 338/399/338
f 53/65/53 339/400/339 337/398/337
f 339/400/339 340/401/340 337/398/337
f 338/399/338 340/401/340 341/402/341
f 169/203/169 330/391/330 52/69/52
f 330/391/330 57/70/57 52/69/52
f 327/388/327 169/203/169 171/206/171
f 168/202/168 342/403/342 343/404/343
f 165/199/165 343/404/343 344/405/344
f 342/406/342 345/407/345 343/408/343
f 344/409/344 345/407/345 346/410/346
f 50/62/50 347/411/347 54/66/54
f 54/66/54 348/412/348 51/63/51
f 349/413/349 350/414/350 347/415/347
f 348/416/348 350/414/350 351/417/351
f 52/418/52 352/419/352 169/420/169
f 352/421/352 164/198/164 169/422/169
f 51/63/51 353/423/353 52/64/52
f 348/416/348 352/419/352 353/424/353
f 351/417/351 342/406/342 348/416/348
f 166/204/166 328/389/328 170/205/170
f 228/274/228 331/392/331 226/272/226
f 331/392/331 166/204/166 226/272/226
f 281/338/281 354/425/354 284/342/284
f 284/342/284 355/426/355 282/339/282
f 354/425/354 356/427/356 357/428/357
f 355/426/355 357/428/357 358/429/358
f 355/426/355 285/343/285 282/339/282
f 223/430/223 334/395/334 227/273/227
f 358/429/358 223/430/223 285/343/285
f 225/271/225 359/431/359 360/432/360
f 222/268/222 360/432/360 361/433/361
f 360/434/360 346/410/346 362/435/362
f 361/436/361 362/435/362 363/437/363
f 283/340/283 364/438/364 365/439/365
f 279/336/279 366/440/366 364/438/364
f 365/441/365 367/442/367 368/443/368
f 366/444/366 367/442/367 364/445/364
f 346/410/346 359/446/359 344/409/344
f 226/447/226 369/448/369 370/449/370
f 370/449/370 344/409/344 359/446/359
f 221/267/221 370/450/370 359/431/359
f 165/199/165 369/451/369 166/200/166
f 363/437/363 366/444/366 361/436/361
f 285/452/285 371/453/371 372/454/372
f 372/454/372 361/436/361 366/444/366
f 372/455/372 278/335/278 285/456/285
f 222/268/222 371/457/371 223/269/223
f 373/458/373 368/459/368 356/427/356
f 283/340/283 365/439/365 280/341/280
f 280/337/280 373/458/373 281/338/281
f 357/428/357 305/366/305 358/429/358
f 306/367/306 374/460/374 307/368/307
f 325/386/325 305/366/305 326/387/326
f 306/367/306 311/372/311 312/373/312
f 325/386/325 311/372/311 375/461/375
f 103/124/103 323/384/323 100/121/100
f 321/382/321 103/124/103 108/129/108
f 317/378/317 315/376/315 318/379/318
f 320/381/320 316/377/316 318/379/318
f 317/378/317 374/460/374 312/373/312
f 320/381/320 315/376/315 321/382/321
f 336/397/336 305/366/305 307/368/307
f 336/397/336 374/460/374 331/392/331
f 332/393/332 374/460/374 376/462/376
f 332/393/332 316/377/316 330/391/330
f 340/401/340 316/377/316 377/463/377
f 340/401/340 319/380/319 341/402/341
f 357/428/357 301/360/301 326/387/326
f 367/442/367 295/353/295 297/355/297
f 296/354/296 302/464/302 297/355/297
f 291/349/291 378/465/378 295/353/295
f 296/354/296 294/352/294 300/358/300
f 290/348/290 294/352/294 378/465/378
f 291/349/291 363/437/363 362/435/362
f 362/435/362 286/344/286 291/349/291
f 367/442/367 302/464/302 368/443/368
f 302/361/302 356/427/356 368/459/368
f 56/68/56 338/399/338 379/466/379
f 56/467/56 349/468/349 50/62/50
f 379/466/379 341/402/341 380/469/380
f 381/470/381 379/471/379 380/472/380
f 108/129/108 319/380/319 321/382/321
f 350/414/350 382/473/382 351/417/351
f 351/417/351 383/474/383 345/407/345
f 383/474/383 346/410/346 345/407/345
f 286/344/286 382/473/382 110/131/110
f 110/131/110 381/470/381 114/136/114
f 100/121/100 323/384/323 384/475/384
f 287/345/287 385/476/385 386/477/386
f 287/345/287 387/478/387 292/350/292
f 298/356/298 387/478/387 388/479/388
f 309/370/309 389/480/389 313/374/313
f 324/385/324 298/362/298 388/481/388
f 390/482/390 391/483/391 309/370/309
f 313/374/313 384/475/384 323/384/323
f 100/121/100 385/484/385 101/122/101
f 390/482/390 388/481/388 392/485/392
f 391/483/391 393/486/393 394/487/394
f 386/477/386 395/488/395 387/478/387
f 384/475/384 396/489/396 385/484/385
f 392/485/392 397/490/397 393/486/393
f 389/480/389 394/487/394 398/491/398
f 389/480/389 399/492/399 384/475/384
f 387/478/387 397/493/397 388/479/388
f 385/476/385 400/494/400 386/477/386
f 319/380/319 380/469/380 341/402/341
f 381/470/381 380/472/380 114/136/114
f 401/495/401 402/496/402 403/497/403
f 404/498/404 405/499/405 406/500/406
f 407/501/407 408/502/408 409/503/409
f 410/504/410 411/505/411 412/506/412
f 413/507/413 414/508/414 415/509/415
f 416/510/416 417/511/417 418/512/418
f 419/513/419 420/514/420 421/515/421
f 422/516/422 420/514/420 423/517/423
f 423/517/423 411/505/411 422/516/422
f 409/503/409 424/518/424 419/513/419
f 425/519/425 426/520/426 427/521/427
f 425/519/425 428/522/428 429/523/429
f 403/497/403 430/524/430 431/525/431
f 432/526/432 433/527/433 434/528/434
f 413/507/413 435/529/435 436/530/436
f 437/531/437 435/529/435 417/511/417
f 425/519/425 438/532/438 401/495/401
f 425/519/425 439/533/439 405/499/405
f 434/528/434 414/508/414 440/534/440
f 431/525/431 441/535/441 407/501/407
f 442/536/442 443/537/443 444/538/444
f 445/539/445 446/540/446 447/541/447
f 448/542/448 449/543/449 450/544/450
f 451/545/451 452/546/452 453/547/453
f 454/548/454 455/549/455 456/550/456
f 457/551/457 458/552/458 459/553/459
f 460/554/460 461/555/461 462/556/462
f 463/557/463 461/555/461 464/558/464
f 464/558/464 452/546/452 463/557/463
f 448/542/448 465/559/465 460/554/460
f 446/540/446 466/560/466 467/561/467
f 444/538/444 468/562/468 469/563/469
f 470/564/470 471/565/471 472/566/472
f 473/567/473 456/550/456 474/568/474
f 457/551/457 474/568/474 475/569/475
f 442/536/442 466/560/466 476/570/476
f 477/571/477 471/565/471 455/549/455
f 469/563/469 449/543/449 478/572/478
f 479/573/479 480/574/480 481/575/481
f 482/576/482 483/577/483 484/578/484
f 485/579/485 486/580/486 487/581/487
f 488/582/488 489/583/489 490/584/490
f 491/585/491 492/586/492 493/587/493
f 494/588/494 495/589/495 496/590/496
f 497/591/497 498/592/498 499/593/499
f 499/593/499 500/594/500 501/595/501
f 500/594/500 490/584/490 501/595/501
f 487/581/487 502/596/502 497/591/497
f 503/597/503 504/598/504 505/599/505
f 506/600/506 480/574/480 507/601/507
f 489/583/489 508/602/508 509/603/509
f 491/585/491 510/604/510 511/605/511
f 511/605/511 512/606/512 494/588/494
f 479/573/479 505/599/505 513/607/513
f 509/603/509 492/586/492 514/608/514
f 485/579/485 507/601/507 515/609/515
f 516/610/516 517/611/517 518/612/518
f 519/613/519 520/614/520 521/615/521
f 522/616/522 523/617/523 524/618/524
f 525/619/525 526/620/526 527/621/527
f 528/622/528 529/623/529 530/624/530
f 531/625/531 532/626/532 533/627/533
f 534/628/534 535/629/535 536/630/536
f 536/630/536 537/631/537 538/632/538
f 537/631/537 527/621/527 538/632/538
f 522/616/522 539/633/539 534/628/534
f 540/634/540 541/635/541 542/636/542
f 518/612/518 543/637/543 544/638/544
f 545/639/545 546/640/546 547/641/547
f 530/624/530 548/642/548 549/643/549
f 531/625/531 548/642/548 550/644/550
f 516/610/516 542/636/542 551/645/551
f 545/639/545 552/646/552 528/622/528
f 544/638/544 523/617/523 553/647/553
f 437/531/437 554/648/554 436/530/436
f 431/525/431 555/649/555 556/650/556
f 440/534/440 557/651/557 434/528/434
f 436/530/436 558/652/558 413/507/413
f 434/528/434 559/653/559 432/526/432
f 431/525/431 560/654/560 403/497/403
f 561/655/561 562/656/562 563/657/563
f 564/658/564 405/499/405 565/659/565
f 566/660/566 567/661/567 568/662/568
f 569/663/569 403/497/403 570/664/570
f 571/665/571 421/515/421 422/516/422
f 572/666/572 409/503/409 419/513/419
f 567/661/567 573/667/573 574/668/574
f 432/526/432 575/669/575 571/665/571
f 576/670/576 577/671/577 562/656/562
f 569/663/569 578/672/578 579/673/579
f 568/662/568 558/652/558 580/674/580
f 405/499/405 581/675/581 565/659/565
f 582/676/582 583/677/583 572/666/572
f 403/497/403 584/678/584 570/664/570
f 570/664/570 573/667/573 585/679/585
f 572/666/572 555/649/555 407/501/407
f 576/670/576 581/675/581 586/680/586
f 401/495/401 579/673/579 426/520/426
f 572/666/572 421/515/421 582/676/582
f 566/660/566 570/664/570 585/679/585
f 561/655/561 565/659/565 576/670/576
f 566/660/566 580/674/580 578/672/578
f 437/531/437 577/671/577 587/681/587
f 582/676/582 575/669/575 588/682/588
f 440/534/440 574/668/574 589/683/589
f 571/665/571 411/505/411 432/526/432
f 568/662/568 440/534/440 413/507/413
f 416/510/416 562/656/562 437/531/437
f 473/567/473 590/684/590 591/685/591
f 467/561/467 592/686/592 593/687/593
f 469/563/469 594/688/594 595/689/595
f 477/571/477 596/690/596 472/566/472
f 467/561/467 597/691/597 446/540/446
f 473/567/473 598/692/598 454/548/454
f 470/564/470 596/690/596 599/693/599
f 469/563/469 600/694/600 444/538/444
f 601/695/601 602/696/602 603/697/603
f 447/541/447 604/698/604 605/699/605
f 606/700/606 607/701/607 608/702/608
f 609/703/609 444/538/444 610/704/610
f 611/705/611 462/556/462 463/557/463
f 612/706/612 448/542/448 460/554/460
f 613/707/613 614/708/614 607/701/607
f 611/705/611 599/693/599 615/709/615
f 616/710/616 617/711/617 602/696/602
f 606/700/606 618/712/618 609/703/609
f 454/548/454 619/713/619 608/702/608
f 604/698/604 597/691/597 620/714/620
f 621/715/621 622/716/622 612/706/612
f 610/704/610 600/694/600 623/717/623
f 613/707/613 623/717/623 624/718/624
f 612/706/612 594/688/594 478/572/478
f 616/710/616 620/714/620 625/719/625
f 609/703/609 592/686/592 442/536/442
f 621/715/621 460/554/460 462/556/462
f 606/700/606 610/704/610 613/707/613
f 601/695/601 604/698/604 616/710/616
f 608/702/608 626/720/626 606/700/606
f 602/696/602 590/684/590 457/551/457
f 611/705/611 627/721/627 621/715/621
f 607/701/607 628/722/628 477/571/477
f 611/705/611 452/546/452 470/564/470
f 608/702/608 477/571/477 454/548/454
f 459/553/459 602/696/602 457/551/457
f 511/605/511 629/723/629 630/724/630
f 503/597/503 631/725/631 632/726/632
f 506/600/506 633/727/633 634/728/634
f 514/608/514 635/729/635 509/603/509
f 503/597/503 636/730/636 483/577/483
f 511/605/511 637/731/637 491/585/491
f 509/603/509 638/732/638 489/583/489
f 481/575/481 634/728/634 639/733/639
f 640/734/640 641/735/641 642/736/642
f 484/578/484 643/737/643 644/738/644
f 645/739/645 646/740/646 647/741/647
f 479/573/479 648/742/648 649/743/649
f 650/744/650 499/593/499 501/595/501
f 651/745/651 487/581/487 497/591/497
f 646/740/646 652/746/652 647/741/647
f 650/744/650 638/732/638 653/747/653
f 641/735/641 654/748/654 655/749/655
f 656/750/656 657/751/657 649/743/649
f 491/585/491 658/752/658 645/739/645
f 483/577/483 659/753/659 643/737/643
f 651/745/651 660/754/660 661/755/661
f 648/742/648 639/733/639 662/756/662
f 646/740/646 662/756/662 663/757/663
f 485/579/485 661/755/661 633/727/633
f 664/758/664 659/753/659 654/748/654
f 649/743/649 631/725/631 479/573/479
f 651/745/651 499/593/499 665/759/665
f 649/743/649 646/740/646 656/750/656
f 644/738/644 664/758/664 640/734/640
f 645/739/645 666/760/666 656/750/656
f 494/588/494 655/749/655 629/723/629
f 650/744/650 660/754/660 665/759/665
f 647/741/647 667/761/667 514/608/514
f 650/744/650 490/584/490 489/583/489
f 491/585/491 647/741/647 514/608/514
f 496/590/496 641/735/641 494/588/494
f 549/643/549 668/762/668 669/763/669
f 540/634/540 670/764/670 671/765/671
f 553/647/553 672/766/672 544/638/544
f 528/622/528 673/767/673 545/639/545
f 520/614/520 671/765/671 674/768/674
f 549/643/549 675/769/675 530/624/530
f 545/639/545 676/770/676 526/620/526
f 544/638/544 677/771/677 518/612/518
f 678/772/678 679/773/679 680/774/680
f 521/615/521 681/775/681 682/776/682
f 683/777/683 684/778/684 685/779/685
f 686/780/686 518/612/518 687/781/687
f 688/782/688 538/632/538 689/783/689
f 690/784/690 522/616/522 534/628/534
f 691/785/691 692/786/692 684/778/684
f 689/783/689 676/770/676 693/787/693
f 694/788/694 695/789/695 679/773/679
f 683/777/683 696/790/696 686/780/686
f 530/624/530 697/791/697 685/779/685
f 520/614/520 698/792/698 681/775/681
f 688/782/688 699/793/699 690/784/690
f 687/781/687 677/771/677 700/794/700
f 687/781/687 701/795/701 691/785/691
f 690/784/690 702/796/702 553/647/553
f 681/775/681 703/797/703 694/788/694
f 516/610/516 696/790/696 670/764/670
f 688/782/688 534/628/534 536/630/536
f 686/780/686 691/785/691 683/777/683
f 682/776/682 694/788/694 678/772/678
f 683/777/683 697/791/697 704/798/704
f 679/773/679 668/762/668 531/625/531
f 688/782/688 693/787/693 705/799/705
f 684/778/684 706/800/706 528/622/528
f 689/783/689 527/621/527 526/620/526
f 685/779/685 528/622/528 530/624/530
f 680/774/680 531/625/531 533/627/533
f 707/801/707 426/520/426 579/673/579
f 708/802/708 580/674/580 709/803/709
f 707/801/707 578/672/578 708/802/708
f 709/803/709 558/652/558 554/648/554
f 577/671/577 554/648/554 587/681/587
f 586/680/586 707/801/707 708/802/708
f 586/680/586 709/803/709 577/671/577
f 581/675/581 427/521/427 707/801/707
f 710/804/710 555/649/555 583/677/583
f 711/805/711 588/682/588 575/669/575
f 710/804/710 588/682/588 712/806/712
f 557/651/557 575/669/575 559/653/559
f 574/668/574 557/651/557 589/683/589
f 573/667/573 710/804/710 712/806/712
f 573/667/573 711/805/711 574/668/574
f 584/678/584 556/650/556 710/804/710
f 713/807/713 592/686/592 618/712/618
f 714/808/714 626/720/626 619/713/619
f 715/809/715 594/688/594 622/716/622
f 716/810/716 615/709/615 717/811/717
f 715/809/715 627/721/627 716/810/716
f 713/807/713 626/720/626 718/812/718
f 717/811/717 599/693/599 596/690/596
f 714/808/714 598/692/598 591/685/591
f 617/711/617 591/685/591 590/684/590
f 625/719/625 713/807/713 718/812/718
f 625/719/625 714/808/714 617/711/617
f 620/714/620 593/687/593 713/807/713
f 614/708/614 596/690/596 628/722/628
f 624/718/624 715/809/715 716/810/716
f 624/718/624 717/811/717 614/708/614
f 623/717/623 595/689/595 715/809/715
f 632/726/632 657/751/657 719/813/719
f 720/814/720 666/760/666 658/752/658
f 634/728/634 661/755/661 721/815/721
f 722/816/722 660/754/660 653/747/653
f 721/815/721 660/754/660 723/817/723
f 719/813/719 666/760/666 724/818/724
f 635/729/635 653/747/653 638/732/638
f 630/724/630 658/752/658 637/731/637
f 655/749/655 630/724/630 629/723/629
f 659/753/659 724/818/724 654/748/654
f 654/748/654 720/814/720 655/749/655
f 659/753/659 632/726/632 719/813/719
f 652/746/652 635/729/635 667/761/667
f 662/756/662 723/817/723 663/757/663
f 663/757/663 722/816/722 652/746/652
f 662/756/662 634/728/634 721/815/721
f 725/819/725 670/764/670 696/790/696
f 726/820/726 697/791/697 727/821/727
f 728/822/728 702/796/702 699/793/699
f 729/823/729 705/799/705 693/787/693
f 730/824/730 699/793/699 705/799/705
f 726/820/726 696/790/696 704/798/704
f 729/823/729 676/770/676 673/767/673
f 727/821/727 675/769/675 669/763/669
f 695/789/695 669/763/669 668/762/668
f 703/797/703 725/819/725 726/820/726
f 703/797/703 727/821/727 695/789/695
f 698/792/698 671/765/671 725/819/725
f 692/786/692 673/767/673 706/800/706
f 701/795/701 728/822/728 730/824/730
f 701/795/701 729/823/729 692/786/692
f 700/794/700 672/766/672 728/822/728
f 731/825/731 732/826/732 733/827/733
f 734/828/734 735/829/735 736/830/736
f 737/831/737 738/832/738 739/833/739
f 740/834/740 741/835/741 742/836/742
f 743/837/743 738/832/738 741/835/741
f 733/827/733 735/829/735 744/838/744
f 745/839/745 742/836/742 746/840/746
f 734/828/734 747/841/747 748/842/748
f 749/843/749 748/842/748 750/844/750
f 751/845/751 744/838/744 752/846/752
f 752/846/752 734/828/734 749/843/749
f 751/845/751 731/825/731 733/827/733
f 753/847/753 745/839/745 754/848/754
f 755/849/755 739/833/739 743/837/743
f 753/847/753 743/837/743 740/834/740
f 756/850/756 737/831/737 739/833/739
f 757/851/757 758/852/758 759/853/759
f 760/854/760 761/855/761 762/856/762
f 763/857/763 764/858/764 761/855/761
f 765/859/765 766/860/766 764/861/764
f 767/862/767 768/863/768 769/864/769
f 770/865/770 771/866/771 768/863/768
f 772/867/772 773/868/773 774/869/774
f 774/870/774 775/871/775 776/872/776
f 777/873/777 778/874/778 757/851/757
f 776/872/776 779/875/779 777/873/777
f 780/876/780 781/877/781 771/866/771
f 766/860/766 782/878/782 783/879/783
f 784/880/784 785/881/785 786/882/786
f 787/883/787 788/884/788 785/881/785
f 789/885/789 790/886/790 791/887/791
f 792/888/792 793/889/793 794/890/794
f 795/891/795 796/892/796 790/893/790
f 797/894/797 794/890/794 796/892/796
f 798/895/798 793/889/793 799/896/799
f 800/897/800 791/887/791 788/884/788
f 801/898/801 802/899/802 803/900/803
f 804/901/804 786/882/786 805/902/805
f 801/903/801 805/902/805 806/904/806
f 803/900/803 807/905/807 798/895/798
f 775/871/775 808/906/808 779/875/779
f 809/907/809 798/895/798 808/906/808
f 810/908/810 811/909/811 773/868/773
f 812/910/812 801/903/801 811/909/811
f 810/908/810 813/911/813 812/910/812
f 812/910/812 784/880/784 804/901/804
f 773/912/773 809/907/809 775/871/775
f 811/913/811 803/900/803 809/907/809
f 782/878/782 814/914/814 767/862/767
f 815/915/815 789/885/789 800/897/800
f 779/875/779 816/916/816 778/874/778
f 808/906/808 799/896/799 816/916/816
f 763/857/763 817/917/817 818/918/818
f 818/918/818 792/888/792 797/894/797
f 765/919/765 818/918/818 819/920/819
f 819/920/819 797/894/797 795/891/795
f 760/854/760 816/916/816 817/917/817
f 817/917/817 799/896/799 792/888/792
f 820/921/820 819/922/819 821/923/821
f 821/923/821 795/924/795 789/885/789
f 767/862/767 822/925/822 770/865/770
f 815/915/815 787/883/787 823/926/823
f 780/876/780 822/925/822 824/927/824
f 825/928/825 787/883/787 784/880/784
f 826/929/826 827/930/827 828/931/828
f 829/932/829 830/933/830 831/934/831
f 832/935/832 830/933/830 833/936/833
f 834/937/834 835/938/835 829/932/829
f 828/931/828 836/939/836 837/940/837
f 838/941/838 837/940/837 839/942/839
f 840/943/840 834/937/834 829/932/829
f 841/944/841 831/934/831 832/935/832
f 839/942/839 834/937/834 842/945/842
f 840/943/840 831/934/831 843/946/843
f 844/947/844 828/931/828 838/941/838
f 806/948/806 845/949/845 802/899/802
f 796/892/796 846/950/846 847/951/847
f 807/905/807 848/952/848 793/889/793
f 790/893/790 847/951/847 849/953/849
f 794/890/794 848/952/848 846/950/846
f 802/899/802 850/954/850 807/905/807
f 851/955/851 852/956/852 853/957/853
f 854/958/854 836/939/836 855/959/855
f 856/960/856 830/933/830 857/961/857
f 851/955/851 858/962/858 859/963/859
f 860/964/860 861/965/861 862/966/862
f 863/967/863 861/965/861 864/968/864
f 865/969/865 858/962/858 866/970/866
f 860/964/860 852/956/852 867/971/867
f 863/967/863 868/972/868 869/973/869
f 870/974/870 871/975/871 868/972/868
f 852/956/852 872/976/872 873/977/873
f 858/962/858 874/978/874 875/979/875
f 868/972/868 876/980/876 869/973/869
f 868/972/868 877/981/877 878/982/878
f 852/956/852 874/978/874 853/957/853
f 861/965/861 872/976/872 862/966/862
f 869/973/869 879/983/879 861/965/861
f 858/962/858 880/984/880 866/970/866
f 881/985/881 838/941/838 845/949/845
f 882/986/882 883/987/883 884/988/884
f 885/989/885 886/990/886 887/991/887
f 886/990/886 888/992/888 889/993/889
f 889/993/889 890/994/890 891/995/891
f 892/996/892 887/991/887 893/997/893
f 882/986/882 892/996/892 893/997/893
f 826/998/826 883/987/883 894/999/894
f 895/1000/895 893/997/893 896/1001/896
f 893/997/893 897/1002/897 896/1001/896
f 889/993/889 898/1003/898 899/1004/899
f 886/990/886 899/1004/899 900/1005/900
f 887/991/887 900/1005/900 897/1002/897
f 894/999/894 882/986/882 895/1000/895
f 847/951/847 840/943/840 843/946/843
f 850/954/850 842/945/842 848/952/848
f 847/951/847 841/944/841 849/953/849
f 846/950/846 842/945/842 840/943/840
f 845/949/845 839/942/839 850/954/850
f 844/1006/844 884/988/884 883/987/883
f 901/1007/901 902/1008/902 870/974/870
f 855/959/855 870/974/870 863/967/863
f 903/1009/903 867/971/867 904/1010/904
f 905/1011/905 859/963/859 865/969/865
f 854/958/854 863/967/863 864/968/864
f 854/958/854 860/964/860 903/1009/903
f 857/961/857 859/963/859 856/960/856
f 904/1010/904 851/955/851 857/961/857
f 906/1012/906 901/1007/901 827/930/827
f 833/936/833 856/960/856 905/1011/905
f 835/938/835 903/1009/903 904/1010/904
f 835/938/835 857/961/857 830/933/830
f 836/939/836 901/1007/901 855/959/855
f 907/1013/907 854/958/854 903/1009/903
f 907/1013/907 837/940/837 836/939/836
f 758/852/758 908/1014/908 909/1015/909
f 759/853/759 909/1015/909 910/1016/910
f 911/1017/911 912/1018/912 913/1019/913
f 759/853/759 914/1020/914 915/1021/915
f 916/1022/916 917/1023/917 918/1024/918
f 919/1025/919 920/1026/920 921/1027/921
f 922/1028/922 921/1027/921 912/1018/912
f 915/1021/915 923/1029/923 924/1030/924
f 925/1031/925 926/1032/926 927/1033/927
f 924/1030/924 928/1034/928 916/1035/916
f 929/1036/929 927/1033/927 930/1037/930
f 931/1038/931 930/1039/930 908/1014/908
f 766/860/766 932/1040/932 925/1031/925
f 771/866/771 933/1041/933 919/1025/919
f 924/1030/924 777/873/777 915/1021/915
f 915/1021/915 757/851/757 759/853/759
f 916/1035/916 776/872/776 924/1030/924
f 918/1024/918 774/869/774 916/1022/916
f 768/863/768 919/1025/919 922/1028/922
f 769/864/769 922/1028/922 911/1017/911
f 764/861/764 925/1031/925 929/1036/929
f 761/855/761 929/1042/929 931/1038/931
f 762/856/762 931/1038/931 758/852/758
f 778/874/778 762/856/762 757/851/757
f 934/1043/934 935/1044/935 936/1045/936
f 937/1046/937 938/1047/938 939/1048/939
f 940/1049/940 941/1050/941 942/1051/942
f 943/1052/943 944/1053/944 945/1054/945
f 935/1044/935 753/847/753 936/1045/936
f 946/1055/946 742/836/742 942/1051/942
f 900/1005/900 749/843/749 897/1002/897
f 947/1056/947 732/826/732 937/1046/937
f 934/1043/934 747/841/747 736/830/736
f 899/1004/899 948/1057/948 751/845/751
f 940/1049/940 738/832/738 943/1052/943
f 938/1047/938 756/850/756 939/1048/939
f 939/1048/939 755/849/755 935/1044/935
f 949/1058/949 738/832/738 950/1059/950
f 900/1005/900 751/845/751 752/846/752
f 951/1060/951 732/826/732 952/1061/952
f 940/1049/940 945/1054/945 953/1062/953
f 947/1056/947 939/1048/939 935/1044/935
f 947/1056/947 736/830/736 735/829/735
f 897/1002/897 750/844/750 896/1001/896
f 942/1051/942 741/835/741 940/1049/940
f 954/1063/954 753/847/753 754/848/754
f 942/1051/942 955/1064/955 946/1055/946
f 934/1043/934 954/1063/954 956/1065/956
f 933/1041/933 772/867/772 918/1024/918
f 813/911/813 780/876/780 824/927/824
f 822/925/822 815/915/815 823/926/823
f 957/1066/957 772/867/772 781/877/781
f 783/879/783 767/862/767 769/864/769
f 783/879/783 911/1017/911 932/1040/932
f 824/927/824 823/926/823 825/928/825
f 958/1067/958 815/915/815 814/914/814
f 932/1040/932 913/1019/913 926/1032/926
f 920/1026/920 918/1024/918 917/1023/917
f 958/1067/958 820/921/820 821/923/821
f 813/911/813 825/928/825 812/910/812
f 866/970/866 959/1068/959 960/1069/960
f 849/953/849 961/1070/961 790/893/790
f 865/969/865 960/1069/960 962/1071/962
f 849/953/849 963/1072/963 964/1073/964
f 841/944/841 965/1074/965 963/1072/963
f 832/935/832 966/1075/966 965/1074/965
f 905/1011/905 962/1071/962 967/1076/967
f 968/1077/968 969/1078/969 970/1079/970
f 877/981/877 971/1080/971 972/1081/972
f 902/1008/902 971/1080/971 871/975/871
f 973/1082/973 968/1077/968 970/1079/970
f 876/980/876 974/1083/974 975/1084/975
f 874/978/874 976/1085/976 977/1086/977
f 872/976/872 978/1087/978 979/1088/979
f 876/980/876 978/1087/978 879/983/879
f 872/976/872 976/1085/976 873/977/873
f 874/978/874 980/1089/980 875/979/875
f 980/1089/980 880/984/880 875/979/875
f 877/981/877 974/1083/974 878/982/878
f 805/902/805 981/1090/981 982/1091/982
f 785/881/785 983/1092/983 984/1093/984
f 788/884/788 985/1094/985 983/1092/983
f 786/882/786 984/1093/984 981/1090/981
f 805/902/805 986/1095/986 806/904/806
f 806/948/806 987/1096/987 881/985/881
f 791/887/791 961/1097/961 985/1094/985
f 891/995/891 988/1098/988 989/1099/989
f 898/1003/898 989/1099/989 990/1100/990
f 888/992/888 991/1101/991 992/1102/992
f 884/988/884 993/1103/993 892/996/892
f 892/996/892 994/1104/994 885/989/885
f 995/1105/995 994/1104/994 991/1101/991
f 884/988/884 987/1106/987 996/1107/996
f 888/992/888 988/1098/988 890/994/890
f 894/999/894 997/1108/997 998/1109/998
f 894/999/894 999/1110/999 826/998/826
f 999/1111/999 906/1012/906 826/929/826
f 997/1108/997 896/1001/896 1000/1112/1000
f 951/1060/951 1001/1113/1001 938/1047/938
f 944/1053/944 1002/1114/1002 1003/1115/1003
f 1004/1116/1004 946/1055/946 955/1064/955
f 956/1065/956 1005/1117/1005 1006/1118/1006
f 945/1054/945 1007/1119/1007 953/1062/953
f 953/1062/953 1008/1120/1008 941/1050/941
f 941/1050/941 1004/1116/1004 955/1064/955
f 945/1054/945 1003/1115/1003 1009/1121/1009
f 1010/1122/1010 750/844/750 748/842/748
f 1011/1123/1011 952/1061/952 731/825/731
f 1012/1124/1012 950/1059/950 737/831/737
f 954/1063/954 745/839/745 1013/1125/1013
f 1011/1123/1011 990/1100/990 1014/1126/1014
f 938/1047/938 1015/1127/1015 1012/1124/1012
f 1013/1125/1013 1016/1128/1016 1017/1129/1017
f 956/1065/956 1018/1130/1018 1010/1122/1010
f 1010/1122/1010 1000/1112/1000 896/1001/896
f 951/1060/951 1014/1126/1014 1019/1131/1019
f 1011/1123/1011 948/1057/948 898/1003/898
f 1010/1122/1010 747/841/747 956/1065/956
f 954/1063/954 1017/1129/1017 1005/1117/1005
f 949/1058/949 1015/1127/1015 1002/1114/1002
f 1013/1125/1013 746/840/746 946/1055/946
f 1012/1124/1012 1020/1132/1020 938/1047/938
f 833/936/833 967/1076/967 966/1075/966
f 1021/1133/1021 1022/1134/1022 1023/1135/1023
f 1024/1136/1024 1025/1137/1025 1026/1138/1026
f 1027/1139/1027 1028/1140/1028 1029/1141/1029
f 1030/1142/1030 1031/1143/1031 1021/1144/1021
f 1032/1145/1032 1033/1146/1033 1034/1147/1034
f 1035/1148/1035 1036/1149/1036 1037/1150/1037
f 1038/1151/1038 1026/1138/1026 1033/1152/1033
f 1039/1153/1039 1040/1154/1040 1030/1142/1030
f 1041/1155/1041 1042/1156/1042 1043/1157/1043
f 1023/1135/1023 1044/1158/1044 1035/1148/1035
f 1045/1159/1045 1036/1149/1036 1025/1137/1025
f 1029/1141/1029 1046/1160/1046 1041/1155/1041
f 927/1033/927 1021/1144/1021 930/1037/930
f 917/1023/917 1038/1161/1038 1032/1145/1032
f 910/1016/910 1035/1148/1035 1037/1150/1037
f 928/1034/928 1024/1136/1024 1038/1151/1038
f 927/1033/927 1039/1153/1039 1030/1142/1030
f 913/1019/913 1041/1155/1041 1043/1157/1043
f 909/1015/909 1023/1135/1023 1035/1148/1035
f 914/1020/914 1037/1150/1037 1045/1159/1045
f 912/1018/912 1029/1141/1029 1041/1155/1041
f 908/1014/908 1021/1133/1021 1023/1135/1023
f 923/1029/923 1045/1159/1045 1024/1136/1024
f 920/1026/920 1029/1141/1029 921/1027/921
f 1039/1153/1039 1042/1156/1042 1047/1162/1047
f 926/1032/926 1043/1157/1043 1039/1153/1039
f 920/1026/920 1032/1145/1032 1027/1139/1027
f 1027/1139/1027 1034/1147/1034 1048/1163/1048
f 1/1/1 4/23/4 2/2/2
f 4/4/4 24/28/24 5/5/5
f 6/7/6 9/10/9 7/8/7
f 9/10/9 18/26/18 10/11/10
f 10/12/10 18/20/18 11/13/11
f 12/14/12 11/13/11 13/15/13
f 5/5/5 24/28/24 6/7/6
f 13/15/13 22/25/22 15/17/15
f 6/7/6 24/28/24 16/18/16
f 18/20/18 23/54/23 19/21/19
f 9/10/9 6/7/6 17/19/17
f 4/23/4 1/1/1 15/17/15
f 11/13/11 19/21/19 22/25/22
f 18/26/18 9/10/9 20/22/20
f 24/28/24 4/4/4 21/29/21
f 25/30/25 38/44/38 26/31/26
f 28/33/28 39/45/39 29/34/29
f 31/36/31 40/1164/40 32/37/32
f 25/30/25 27/32/27 34/39/34
f 36/41/36 33/38/33 32/37/32
f 30/43/30 29/49/29 26/31/26
f 36/41/36 37/42/37 39/45/39
f 35/40/35 34/39/34 40/46/40
f 41/48/41 40/46/40 34/39/34
f 41/48/41 27/32/27 26/31/26
f 32/37/32 40/1164/40 41/50/41
f 41/50/41 29/34/29 39/45/39
f 21/24/21 15/17/15 42/51/42
f 17/19/17 47/57/47 44/53/44
f 23/54/23 48/61/48 45/55/45
f 17/19/17 16/18/16 46/56/46
f 22/25/22 49/60/49 42/51/42
f 16/18/16 21/29/21 43/58/43
f 20/22/20 44/53/44 48/59/48
f 19/21/19 45/55/45 49/60/49
f 43/52/43 42/51/42 35/40/35
f 47/57/47 36/41/36 28/33/28
f 48/61/48 30/43/30 38/44/38
f 47/57/47 46/56/46 33/38/33
f 42/51/42 49/60/49 25/30/25
f 46/56/46 43/58/43 31/36/31
f 44/53/44 28/33/28 30/35/30
f 45/55/45 38/44/38 25/30/25
f 14/16/14 13/15/13 1/1/1
f 10/11/10 56/467/56 50/62/50
f 2/6/2 5/5/5 51/63/51
f 3/3/3 57/70/57 53/65/53
f 7/8/7 50/62/50 54/66/54
f 10/12/10 12/14/12 55/67/55
f 5/5/5 8/9/8 54/66/54
f 3/3/3 2/2/2 52/69/52
f 12/14/12 14/16/14 53/65/53
f 58/71/58 75/90/75 59/72/59
f 59/72/59 65/78/65 61/74/61
f 62/75/62 76/91/76 63/76/63
f 65/78/65 59/72/59 66/79/66
f 68/81/68 72/85/72 69/82/69
f 71/84/71 79/95/79 72/85/72
f 65/78/65 62/93/62 64/87/64
f 73/86/73 72/85/72 68/81/68
f 74/89/74 68/1165/68 75/90/75
f 76/91/76 79/95/79 71/84/71
f 65/78/65 67/80/67 77/92/77
f 76/91/76 80/96/80 78/94/78
f 62/75/62 77/1166/77 80/96/80
f 59/72/59 75/90/75 81/97/81
f 75/90/75 68/1165/68 70/98/70
f 72/85/72 79/95/79 78/94/78
f 69/82/69 88/106/88 82/99/82
f 67/80/67 87/104/87 83/100/83
f 80/96/80 89/108/89 84/101/84
f 66/79/66 81/97/81 85/102/85
f 66/79/66 86/103/86 87/104/87
f 81/97/81 70/98/70 82/105/82
f 78/94/78 84/101/84 88/106/88
f 80/96/80 77/1166/77 83/107/83
f 89/108/89 83/107/83 90/109/90
f 88/106/88 84/101/84 90/109/90
f 85/102/85 82/105/82 90/110/90
f 90/110/90 83/100/83 87/104/87
f 60/73/60 92/112/92 91/111/91
f 61/74/61 97/118/97 92/112/92
f 74/88/74 98/138/98 93/113/93
f 64/77/64 63/76/63 94/114/94
f 63/76/63 71/84/71 96/116/96
f 61/74/61 64/87/64 95/117/95
f 58/71/58 91/111/91 98/119/98
f 73/86/73 93/113/93 96/116/96
f 99/120/99 102/123/102 100/121/100
f 102/123/102 112/133/112 103/124/103
f 104/125/104 113/135/113 105/126/105
f 107/128/107 114/1167/114 108/129/108
f 106/127/106 105/126/105 110/131/110
f 112/133/112 109/130/109 108/129/108
f 99/134/99 101/1168/101 113/135/113
f 111/132/111 110/131/110 114/136/114
f 91/111/91 111/132/111 107/137/107
f 97/118/97 95/117/95 99/134/99
f 96/116/96 93/113/93 109/130/109
f 91/111/91 92/112/92 106/127/106
f 98/138/98 107/128/107 109/130/109
f 97/118/97 104/125/104 106/127/106
f 94/114/94 96/116/96 112/133/112
f 95/115/95 94/114/94 102/123/102
f 115/139/115 135/161/135 116/140/116
f 116/142/116 135/1169/135 118/143/118
f 120/145/120 123/148/123 121/146/121
f 123/148/123 131/163/131 124/149/124
f 124/150/124 131/157/131 125/151/125
f 126/152/126 125/151/125 127/153/127
f 119/144/119 118/143/118 120/145/120
f 127/153/127 136/162/136 129/155/129
f 118/143/118 138/166/138 130/156/130
f 131/157/131 137/191/137 132/158/132
f 123/148/123 120/145/120 130/156/130
f 115/139/115 129/155/129 134/160/134
f 125/151/125 132/158/132 136/162/136
f 131/163/131 123/148/123 133/159/133
f 118/143/118 135/1169/135 134/165/134
f 139/167/139 152/181/152 140/168/140
f 142/170/142 153/182/153 143/171/143
f 145/173/145 154/1170/154 146/174/146
f 139/167/139 141/169/141 148/176/148
f 150/178/150 147/175/147 146/174/146
f 142/180/142 144/186/144 140/168/140
f 150/178/150 151/179/151 143/171/143
f 149/177/149 148/176/148 154/183/154
f 155/185/155 154/183/154 148/176/148
f 155/185/155 141/169/141 140/168/140
f 146/174/146 154/1170/154 155/187/155
f 155/187/155 144/172/144 143/171/143
f 134/160/134 129/155/129 156/188/156
f 130/156/130 161/194/161 158/190/158
f 137/191/137 163/1171/163 159/192/159
f 130/156/130 138/166/138 160/193/160
f 129/155/129 136/162/136 162/195/162
f 138/166/138 134/165/134 157/196/157
f 133/159/133 158/190/158 163/197/163
f 132/158/132 159/192/159 162/195/162
f 157/189/157 156/188/156 149/177/149
f 161/194/161 150/178/150 153/182/153
f 159/192/159 163/1171/163 142/180/142
f 161/194/161 160/193/160 147/175/147
f 156/188/156 162/195/162 139/167/139
f 160/193/160 157/196/157 145/173/145
f 158/190/158 153/182/153 142/170/142
f 159/192/159 152/181/152 139/167/139
f 128/154/128 127/153/127 115/139/115
f 124/149/124 169/422/169 164/198/164
f 116/142/116 119/144/119 165/199/165
f 117/141/117 170/205/170 167/201/167
f 121/146/121 164/198/164 168/202/168
f 126/152/126 171/206/171 169/203/169
f 119/144/119 122/147/122 168/202/168
f 117/141/117 116/140/116 166/204/166
f 126/152/126 128/154/128 167/201/167
f 172/207/172 187/226/187 173/208/173
f 173/210/173 184/223/184 175/211/175
f 176/213/176 188/227/188 177/214/177
f 178/215/178 177/214/177 179/216/179
f 179/218/179 182/221/182 181/219/181
f 182/221/182 185/224/185 183/222/183
f 184/223/184 188/227/188 176/213/176
f 185/224/185 195/234/195 186/225/186
f 188/227/188 184/223/184 189/228/189
f 182/221/182 179/218/179 191/230/191
f 188/227/188 190/229/190 193/232/193
f 187/226/187 186/225/186 194/233/194
f 182/221/182 192/231/192 195/234/195
f 177/214/177 193/232/193 191/235/191
f 184/223/184 173/210/173 194/236/194
f 196/237/196 209/251/209 197/238/197
f 199/240/199 210/252/210 200/241/200
f 202/243/202 211/1172/211 203/244/203
f 198/239/198 197/238/197 205/246/205
f 207/248/207 204/245/204 203/244/203
f 199/250/199 201/256/201 209/251/209
f 210/252/210 207/248/207 208/249/208
f 206/247/206 205/246/205 211/253/211
f 212/255/212 211/253/211 205/246/205
f 212/255/212 197/238/197 209/251/209
f 203/244/203 211/1172/211 212/257/212
f 212/257/212 201/242/201 200/241/200
f 186/225/186 219/264/219 213/258/213
f 193/232/193 190/229/190 214/259/214
f 192/231/192 191/230/191 216/261/216
f 190/229/190 189/228/189 218/263/218
f 195/234/195 220/266/220 219/264/219
f 194/236/194 213/1173/213 218/263/218
f 193/232/193 215/260/215 216/265/216
f 192/231/192 217/262/217 220/266/220
f 219/264/219 206/247/206 202/254/202
f 215/260/215 214/259/214 207/248/207
f 216/261/216 199/250/199 196/237/196
f 214/259/214 218/263/218 204/245/204
f 220/266/220 198/239/198 206/247/206
f 218/263/218 213/1173/213 202/243/202
f 216/265/216 215/260/215 210/252/210
f 217/262/217 196/237/196 198/239/198
f 183/222/183 185/224/185 187/226/187
f 180/217/180 226/1174/226 221/267/221
f 174/212/174 175/211/175 222/268/222
f 172/207/172 227/273/227 224/270/224
f 178/215/178 221/267/221 225/271/225
f 181/219/181 228/274/228 226/272/226
f 175/211/175 176/213/176 225/271/225
f 174/209/174 223/430/223 227/273/227
f 181/219/181 183/222/183 224/270/224
f 229/275/229 243/291/243 230/276/230
f 230/276/230 252/301/252 232/278/232
f 233/279/233 241/289/241 234/280/234
f 234/280/234 237/283/237 236/282/236
f 237/283/237 246/294/246 238/284/238
f 238/285/238 246/299/246 239/286/239
f 232/288/232 252/1175/252 241/289/241
f 239/286/239 251/300/251 242/290/242
f 241/289/241 252/1175/252 244/292/244
f 246/294/246 237/283/237 247/295/247
f 241/289/241 245/293/245 249/297/249
f 230/276/230 243/291/243 242/290/242
f 246/299/246 248/331/248 251/300/251
f 237/283/237 234/280/234 249/297/249
f 252/301/252 230/276/230 250/298/250
f 253/303/253 266/1176/266 254/304/254
f 256/306/256 267/319/267 257/307/257
f 259/309/259 268/320/268 260/310/260
f 262/312/262 255/305/255 254/304/254
f 264/314/264 259/333/259 261/315/261
f 258/308/258 257/307/257 266/317/266
f 256/306/256 264/314/264 265/316/265
f 262/312/262 263/313/263 260/310/260
f 254/304/254 266/1176/266 269/321/269
f 269/321/269 261/311/261 260/310/260
f 265/316/265 261/315/261 269/322/269
f 269/322/269 266/317/266 257/307/257
f 242/290/242 275/328/275 270/323/270
f 249/297/249 245/293/245 271/324/271
f 247/295/247 276/330/276 273/326/273
f 245/293/245 244/292/244 274/327/274
f 251/300/251 277/332/277 275/328/275
f 250/298/250 270/323/270 274/329/274
f 249/297/249 272/325/272 276/330/276
f 248/331/248 273/334/273 277/332/277
f 275/328/275 262/312/262 268/320/268
f 272/325/272 271/324/271 264/314/264
f 276/330/276 258/308/258 253/318/253
f 271/324/271 274/327/274 259/333/259
f 277/332/277 255/305/255 262/312/262
f 274/329/274 270/323/270 268/320/268
f 272/325/272 256/306/256 258/308/258
f 273/334/273 253/303/253 255/305/255
f 240/287/240 239/286/239 243/291/243
f 235/281/235 236/282/236 278/335/278
f 231/277/231 232/278/232 280/337/280
f 229/275/229 284/342/284 282/339/282
f 233/279/233 235/281/235 279/336/279
f 238/284/238 285/456/285 278/335/278
f 232/288/232 233/279/233 283/340/283
f 231/277/231 281/338/281 284/342/284
f 240/287/240 282/339/282 285/343/285
f 105/126/105 289/347/289 286/344/286
f 113/135/113 101/1168/101 287/345/287
f 105/126/105 113/135/113 288/346/288
f 286/344/286 289/347/289 290/348/290
f 288/346/288 287/345/287 292/350/292
f 289/347/289 288/346/288 293/351/293
f 295/353/295 378/465/378 296/354/296
f 293/351/293 292/350/292 298/356/298
f 294/352/294 293/351/293 299/357/299
f 300/359/300 304/365/304 301/360/301
f 298/362/298 324/385/324 303/363/303
f 300/359/300 299/364/299 303/363/303
f 305/366/305 375/461/375 306/367/306
f 308/369/308 390/482/390 309/370/309
f 311/372/311 308/369/308 310/371/310
f 310/371/310 309/370/309 313/374/313
f 312/373/312 310/371/310 314/375/314
f 316/377/316 376/462/376 317/378/317
f 319/380/319 377/463/377 320/381/320
f 315/376/315 314/375/314 322/383/322
f 322/383/322 314/375/314 313/374/313
f 303/363/303 308/369/308 311/372/311
f 324/385/324 390/482/390 308/369/308
f 301/360/301 304/365/304 325/386/325
f 167/201/167 329/390/329 327/388/327
f 167/201/167 170/205/170 328/389/328
f 329/390/329 332/393/332 330/391/330
f 329/390/329 328/389/328 331/392/331
f 224/270/224 335/396/335 333/394/333
f 224/270/224 227/273/227 334/395/334
f 333/394/333 335/396/335 336/397/336
f 334/395/334 358/429/358 336/397/336
f 55/67/55 53/65/53 337/398/337
f 53/65/53 57/70/57 339/400/339
f 339/400/339 330/391/330 340/401/340
f 338/399/338 337/398/337 340/401/340
f 330/391/330 339/400/339 57/70/57
f 327/388/327 330/391/330 169/203/169
f 168/202/168 164/198/164 342/403/342
f 165/199/165 168/202/168 343/404/343
f 342/406/342 351/417/351 345/407/345
f 344/409/344 343/408/343 345/407/345
f 50/62/50 349/468/349 347/411/347
f 54/66/54 347/411/347 348/412/348
f 349/413/349 381/470/381 350/414/350
f 348/416/348 347/415/347 350/414/350
f 52/418/52 353/424/353 352/419/352
f 352/421/352 342/403/342 164/198/164
f 51/63/51 348/412/348 353/423/353
f 348/416/348 342/406/342 352/419/352
f 166/204/166 331/392/331 328/389/328
f 228/274/228 333/394/333 331/392/331
f 281/338/281 373/458/373 354/425/354
f 284/342/284 354/425/354 355/426/355
f 354/425/354 373/458/373 356/427/356
f 355/426/355 354/425/354 357/428/357
f 355/426/355 358/429/358 285/343/285
f 223/430/223 358/429/358 334/395/334
f 225/271/225 221/267/221 359/431/359
f 222/268/222 225/271/225 360/432/360
f 360/434/360 359/446/359 346/410/346
f 361/436/361 360/434/360 362/435/362
f 283/340/283 279/336/279 364/438/364
f 279/336/279 278/335/278 366/440/366
f 365/441/365 364/445/364 367/442/367
f 366/444/366 363/437/363 367/442/367
f 226/447/226 166/1177/166 369/448/369
f 370/449/370 369/448/369 344/409/344
f 221/267/221 226/1174/226 370/450/370
f 165/199/165 344/405/344 369/451/369
f 285/452/285 223/1178/223 371/453/371
f 372/454/372 371/453/371 361/436/361
f 372/455/372 366/440/366 278/335/278
f 222/268/222 361/433/361 371/457/371
f 373/458/373 365/1179/365 368/459/368
f 280/337/280 365/1179/365 373/458/373
f 357/428/357 326/387/326 305/366/305
f 306/367/306 312/373/312 374/460/374
f 325/386/325 375/461/375 305/366/305
f 306/367/306 375/461/375 311/372/311
f 325/386/325 304/365/304 311/372/311
f 103/124/103 322/383/322 323/384/323
f 321/382/321 322/383/322 103/124/103
f 317/378/317 312/373/312 315/376/315
f 320/381/320 377/463/377 316/377/316
f 317/378/317 376/462/376 374/460/374
f 320/381/320 318/379/318 315/376/315
f 336/397/336 358/429/358 305/366/305
f 336/397/336 307/368/307 374/460/374
f 332/393/332 331/392/331 374/460/374
f 332/393/332 376/462/376 316/377/316
f 340/401/340 330/391/330 316/377/316
f 340/401/340 377/463/377 319/380/319
f 357/428/357 356/427/356 301/360/301
f 367/442/367 363/437/363 295/353/295
f 296/354/296 300/358/300 302/464/302
f 291/349/291 290/348/290 378/465/378
f 296/354/296 378/465/378 294/352/294
f 290/348/290 289/347/289 294/352/294
f 291/349/291 295/353/295 363/437/363
f 362/435/362 346/410/346 286/344/286
f 367/442/367 297/355/297 302/464/302
f 302/361/302 301/360/301 356/427/356
f 56/68/56 55/67/55 338/399/338
f 56/467/56 379/1180/379 349/468/349
f 379/466/379 338/399/338 341/402/341
f 381/470/381 349/413/349 379/471/379
f 108/129/108 114/1167/114 319/380/319
f 350/414/350 110/131/110 382/473/382
f 351/417/351 382/473/382 383/474/383
f 383/474/383 286/344/286 346/410/346
f 286/344/286 383/474/383 382/473/382
f 110/131/110 350/414/350 381/470/381
f 287/345/287 101/1168/101 385/476/385
f 287/345/287 386/477/386 387/478/387
f 298/356/298 292/350/292 387/478/387
f 309/370/309 391/483/391 389/480/389
f 390/482/390 392/485/392 391/483/391
f 313/374/313 389/480/389 384/475/384
f 100/121/100 384/475/384 385/484/385
f 390/482/390 324/385/324 388/481/388
f 391/483/391 392/485/392 393/486/393
f 386/477/386 400/494/400 395/488/395
f 384/475/384 399/492/399 396/489/396
f 392/485/392 388/481/388 397/490/397
f 389/480/389 391/483/391 394/487/394
f 389/480/389 398/491/398 399/492/399
f 387/478/387 395/488/395 397/493/397
f 385/476/385 396/1181/396 400/494/400
f 319/380/319 114/1167/114 380/469/380
f 401/495/401 438/532/438 402/496/402
f 404/498/404 428/522/428 405/499/405
f 407/501/407 441/535/441 408/502/408
f 410/504/410 432/526/432 411/505/411
f 413/507/413 440/534/440 414/508/414
f 416/510/416 437/531/437 417/511/417
f 419/513/419 424/518/424 420/514/420
f 422/516/422 421/515/421 420/514/420
f 423/517/423 412/506/412 411/505/411
f 409/503/409 408/502/408 424/518/424
f 425/519/425 401/495/401 426/520/426
f 425/519/425 405/499/405 428/522/428
f 403/497/403 402/496/402 430/524/430
f 432/526/432 410/504/410 433/527/433
f 413/507/413 415/509/415 435/529/435
f 437/531/437 436/530/436 435/529/435
f 425/519/425 429/523/429 438/532/438
f 425/519/425 427/521/427 439/533/439
f 434/528/434 433/527/433 414/508/414
f 431/525/431 430/524/430 441/535/441
f 442/536/442 476/570/476 443/537/443
f 445/539/445 1049/1182/1049 446/540/446
f 448/542/448 478/572/478 449/543/449
f 451/545/451 470/564/470 452/546/452
f 454/548/454 477/571/477 455/549/455
f 457/551/457 475/569/475 458/552/458
f 460/554/460 465/559/465 461/555/461
f 463/557/463 462/556/462 461/555/461
f 464/558/464 453/547/453 452/546/452
f 448/542/448 450/544/450 465/559/465
f 446/540/446 1049/1182/1049 466/560/466
f 470/564/470 451/545/451 471/565/471
f 473/567/473 454/548/454 456/550/456
f 457/551/457 473/567/473 474/568/474
f 442/536/442 467/561/467 466/560/466
f 477/571/477 472/566/472 471/565/471
f 469/563/469 468/562/468 449/543/449
f 479/573/479 513/607/513 480/574/480
f 482/576/482 504/598/504 483/577/483
f 485/579/485 515/609/515 486/580/486
f 488/582/488 1050/1183/1050 489/583/489
f 491/585/491 514/608/514 492/586/492
f 494/588/494 512/606/512 495/589/495
f 497/591/497 502/596/502 498/592/498
f 499/593/499 498/592/498 500/594/500
f 500/594/500 488/582/488 490/584/490
f 487/581/487 486/580/486 502/596/502
f 503/597/503 483/577/483 504/598/504
f 506/600/506 481/575/481 480/574/480
f 489/583/489 1050/1183/1050 508/602/508
f 491/585/491 493/587/493 510/604/510
f 511/605/511 510/604/510 512/606/512
f 479/573/479 503/597/503 505/599/505
f 509/603/509 508/602/508 492/586/492
f 485/579/485 506/600/506 507/601/507
f 516/610/516 551/645/551 517/611/517
f 519/613/519 541/635/541 520/614/520
f 522/616/522 553/647/553 523/617/523
f 525/619/525 546/640/546 526/620/526
f 528/622/528 552/646/552 529/623/529
f 531/625/531 550/644/550 532/626/532
f 534/628/534 539/633/539 535/629/535
f 536/630/536 535/629/535 537/631/537
f 537/631/537 525/619/525 527/621/527
f 522/616/522 524/618/524 539/633/539
f 540/634/540 520/614/520 541/635/541
f 518/612/518 517/611/517 543/637/543
f 545/639/545 526/620/526 546/640/546
f 530/624/530 529/623/529 548/642/548
f 531/625/531 549/643/549 548/642/548
f 516/610/516 540/634/540 542/636/542
f 545/639/545 547/641/547 552/646/552
f 544/638/544 543/637/543 523/617/523
f 437/531/437 587/681/587 554/648/554
f 431/525/431 407/501/407 555/649/555
f 440/534/440 589/683/589 557/651/557
f 436/530/436 554/648/554 558/652/558
f 434/528/434 557/651/557 559/653/559
f 431/525/431 556/650/556 560/654/560
f 561/655/561 576/670/576 562/656/562
f 564/658/564 406/500/406 405/499/405
f 566/660/566 585/679/585 567/661/567
f 569/663/569 401/495/401 403/497/403
f 571/665/571 582/676/582 421/515/421
f 572/666/572 407/501/407 409/503/409
f 567/661/567 585/679/585 573/667/573
f 432/526/432 559/653/559 575/669/575
f 576/670/576 586/680/586 577/671/577
f 569/663/569 566/660/566 578/672/578
f 568/662/568 413/507/413 558/652/558
f 405/499/405 439/533/439 581/675/581
f 582/676/582 588/682/588 583/677/583
f 403/497/403 560/654/560 584/678/584
f 570/664/570 584/678/584 573/667/573
f 572/666/572 583/677/583 555/649/555
f 576/670/576 565/659/565 581/675/581
f 401/495/401 569/663/569 579/673/579
f 572/666/572 419/513/419 421/515/421
f 566/660/566 569/663/569 570/664/570
f 561/655/561 564/658/564 565/659/565
f 566/660/566 568/662/568 580/674/580
f 437/531/437 562/656/562 577/671/577
f 582/676/582 571/665/571 575/669/575
f 440/534/440 567/661/567 574/668/574
f 571/665/571 422/516/422 411/505/411
f 568/662/568 567/661/567 440/534/440
f 416/510/416 563/657/563 562/656/562
f 473/567/473 457/551/457 590/684/590
f 467/561/467 442/536/442 592/686/592
f 469/563/469 478/572/478 594/688/594
f 477/571/477 628/722/628 596/690/596
f 467/561/467 593/687/593 597/691/597
f 473/567/473 591/685/591 598/692/598
f 470/564/470 472/566/472 596/690/596
f 469/563/469 595/689/595 600/694/600
f 601/695/601 616/710/616 602/696/602
f 447/541/447 446/540/446 604/698/604
f 606/700/606 613/707/613 607/701/607
f 609/703/609 442/536/442 444/538/444
f 611/705/611 621/715/621 462/556/462
f 612/706/612 478/572/478 448/542/448
f 613/707/613 624/718/624 614/708/614
f 611/705/611 470/564/470 599/693/599
f 616/710/616 625/719/625 617/711/617
f 606/700/606 626/720/626 618/712/618
f 454/548/454 598/692/598 619/713/619
f 604/698/604 446/540/446 597/691/597
f 621/715/621 627/721/627 622/716/622
f 610/704/610 444/538/444 600/694/600
f 613/707/613 610/704/610 623/717/623
f 612/706/612 622/716/622 594/688/594
f 616/710/616 604/698/604 620/714/620
f 609/703/609 618/712/618 592/686/592
f 621/715/621 612/706/612 460/554/460
f 606/700/606 609/703/609 610/704/610
f 601/695/601 605/699/605 604/698/604
f 608/702/608 619/713/619 626/720/626
f 602/696/602 617/711/617 590/684/590
f 611/705/611 615/709/615 627/721/627
f 607/701/607 614/708/614 628/722/628
f 611/705/611 463/557/463 452/546/452
f 608/702/608 607/701/607 477/571/477
f 459/553/459 603/697/603 602/696/602
f 511/605/511 494/588/494 629/723/629
f 503/597/503 479/573/479 631/725/631
f 506/600/506 485/579/485 633/727/633
f 514/608/514 667/761/667 635/729/635
f 503/597/503 632/726/632 636/730/636
f 511/605/511 630/724/630 637/731/637
f 509/603/509 635/729/635 638/732/638
f 481/575/481 506/600/506 634/728/634
f 640/734/640 664/758/664 641/735/641
f 484/578/484 483/577/483 643/737/643
f 645/739/645 656/750/656 646/740/646
f 479/573/479 481/575/481 648/742/648
f 650/744/650 665/759/665 499/593/499
f 651/745/651 485/579/485 487/581/487
f 646/740/646 663/757/663 652/746/652
f 650/744/650 489/583/489 638/732/638
f 641/735/641 664/758/664 654/748/654
f 656/750/656 666/760/666 657/751/657
f 491/585/491 637/731/637 658/752/658
f 483/577/483 636/730/636 659/753/659
f 651/745/651 665/759/665 660/754/660
f 648/742/648 481/575/481 639/733/639
f 646/740/646 648/742/648 662/756/662
f 485/579/485 651/745/651 661/755/661
f 664/758/664 643/737/643 659/753/659
f 649/743/649 657/751/657 631/725/631
f 651/745/651 497/591/497 499/593/499
f 649/743/649 648/742/648 646/740/646
f 644/738/644 643/737/643 664/758/664
f 645/739/645 658/752/658 666/760/666
f 494/588/494 641/735/641 655/749/655
f 650/744/650 653/747/653 660/754/660
f 647/741/647 652/746/652 667/761/667
f 650/744/650 501/595/501 490/584/490
f 491/585/491 645/739/645 647/741/647
f 496/590/496 642/736/642 641/735/641
f 549/643/549 531/625/531 668/762/668
f 540/634/540 516/610/516 670/764/670
f 553/647/553 702/796/702 672/766/672
f 528/622/528 706/800/706 673/767/673
f 520/614/520 540/634/540 671/765/671
f 549/643/549 669/763/669 675/769/675
f 545/639/545 673/767/673 676/770/676
f 544/638/544 672/766/672 677/771/677
f 678/772/678 694/788/694 679/773/679
f 521/615/521 520/614/520 681/775/681
f 683/777/683 691/785/691 684/778/684
f 686/780/686 516/610/516 518/612/518
f 688/782/688 536/630/536 538/632/538
f 690/784/690 553/647/553 522/616/522
f 691/785/691 701/795/701 692/786/692
f 689/783/689 526/620/526 676/770/676
f 694/788/694 703/797/703 695/789/695
f 683/777/683 704/798/704 696/790/696
f 530/624/530 675/769/675 697/791/697
f 520/614/520 674/768/674 698/792/698
f 688/782/688 705/799/705 699/793/699
f 687/781/687 518/612/518 677/771/677
f 687/781/687 700/794/700 701/795/701
f 690/784/690 699/793/699 702/796/702
f 681/775/681 698/792/698 703/797/703
f 516/610/516 686/780/686 696/790/696
f 688/782/688 690/784/690 534/628/534
f 686/780/686 687/781/687 691/785/691
f 682/776/682 681/775/681 694/788/694
f 683/777/683 685/779/685 697/791/697
f 679/773/679 695/789/695 668/762/668
f 688/782/688 689/783/689 693/787/693
f 684/778/684 692/786/692 706/800/706
f 689/783/689 538/632/538 527/621/527
f 685/779/685 684/778/684 528/622/528
f 680/774/680 679/773/679 531/625/531
f 707/801/707 427/521/427 426/520/426
f 708/802/708 578/672/578 580/674/580
f 707/801/707 579/673/579 578/672/578
f 709/803/709 580/674/580 558/652/558
f 577/671/577 709/803/709 554/648/554
f 586/680/586 581/675/581 707/801/707
f 586/680/586 708/802/708 709/803/709
f 581/675/581 439/533/439 427/521/427
f 710/804/710 556/650/556 555/649/555
f 711/805/711 712/806/712 588/682/588
f 710/804/710 583/677/583 588/682/588
f 557/651/557 711/805/711 575/669/575
f 574/668/574 711/805/711 557/651/557
f 573/667/573 584/678/584 710/804/710
f 573/667/573 712/806/712 711/805/711
f 584/678/584 560/654/560 556/650/556
f 713/807/713 593/687/593 592/686/592
f 714/808/714 718/812/718 626/720/626
f 715/809/715 595/689/595 594/688/594
f 716/810/716 627/721/627 615/709/615
f 715/809/715 622/716/622 627/721/627
f 713/807/713 618/712/618 626/720/626
f 717/811/717 615/709/615 599/693/599
f 714/808/714 619/713/619 598/692/598
f 617/711/617 714/808/714 591/685/591
f 625/719/625 620/714/620 713/807/713
f 625/719/625 718/812/718 714/808/714
f 620/714/620 597/691/597 593/687/593
f 614/708/614 717/811/717 596/690/596
f 624/718/624 623/717/623 715/809/715
f 624/718/624 716/810/716 717/811/717
f 623/717/623 600/694/600 595/689/595
f 632/726/632 631/725/631 657/751/657
f 720/814/720 724/818/724 666/760/666
f 634/728/634 633/727/633 661/755/661
f 722/816/722 723/817/723 660/754/660
f 721/815/721 661/755/661 660/754/660
f 719/813/719 657/751/657 666/760/666
f 635/729/635 722/816/722 653/747/653
f 630/724/630 720/814/720 658/752/658
f 655/749/655 720/814/720 630/724/630
f 659/753/659 719/813/719 724/818/724
f 654/748/654 724/818/724 720/814/720
f 659/753/659 636/730/636 632/726/632
f 652/746/652 722/816/722 635/729/635
f 662/756/662 721/815/721 723/817/723
f 663/757/663 723/817/723 722/816/722
f 662/756/662 639/733/639 634/728/634
f 725/819/725 671/765/671 670/764/670
f 726/820/726 704/798/704 697/791/697
f 728/822/728 672/766/672 702/796/702
f 729/823/729 730/824/730 705/799/705
f 730/824/730 728/822/728 699/793/699
f 726/820/726 725/819/725 696/790/696
f 729/823/729 693/787/693 676/770/676
f 727/821/727 697/791/697 675/769/675
f 695/789/695 727/821/727 669/763/669
f 703/797/703 698/792/698 725/819/725
f 703/797/703 726/820/726 727/821/727
f 698/792/698 674/768/674 671/765/671
f 692/786/692 729/823/729 673/767/673
f 701/795/701 700/794/700 728/822/728
f 701/795/701 730/824/730 729/823/729
f 700/794/700 677/771/677 672/766/672
f 731/825/731 952/1061/952 732/826/732
f 734/828/734 744/838/744 735/829/735
f 737/831/737 950/1059/950 738/832/738
f 740/834/740 743/837/743 741/835/741
f 743/837/743 739/833/739 738/832/738
f 733/827/733 732/826/732 735/829/735
f 745/839/745 740/834/740 742/836/742
f 734/828/734 736/830/736 747/841/747
f 749/843/749 734/828/734 748/842/748
f 751/845/751 733/827/733 744/838/744
f 752/846/752 744/838/744 734/828/734
f 751/845/751 948/1057/948 731/825/731
f 753/847/753 740/834/740 745/839/745
f 755/849/755 756/850/756 739/833/739
f 753/847/753 755/849/755 743/837/743
f 756/850/756 1020/1132/1020 737/831/737
f 757/851/757 762/856/762 758/852/758
f 760/854/760 763/857/763 761/855/761
f 763/857/763 765/919/765 764/858/764
f 765/859/765 820/921/820 766/860/766
f 767/862/767 770/865/770 768/863/768
f 770/865/770 780/876/780 771/866/771
f 772/867/772 810/908/810 773/868/773
f 774/870/774 773/912/773 775/871/775
f 777/873/777 779/875/779 778/874/778
f 776/872/776 775/871/775 779/875/779
f 780/876/780 957/1066/957 781/877/781
f 766/860/766 820/921/820 782/878/782
f 784/880/784 787/883/787 785/881/785
f 787/883/787 800/897/800 788/884/788
f 789/885/789 795/924/795 790/886/790
f 792/888/792 799/896/799 793/889/793
f 795/891/795 797/894/797 796/892/796
f 797/894/797 792/888/792 794/890/794
f 798/895/798 807/905/807 793/889/793
f 800/897/800 789/885/789 791/887/791
f 801/898/801 806/948/806 802/899/802
f 804/901/804 784/880/784 786/882/786
f 801/903/801 804/901/804 805/902/805
f 803/900/803 802/899/802 807/905/807
f 775/871/775 809/907/809 808/906/808
f 809/907/809 803/900/803 798/895/798
f 810/908/810 812/910/812 811/909/811
f 812/910/812 804/901/804 801/903/801
f 810/908/810 957/1066/957 813/911/813
f 812/910/812 825/928/825 784/880/784
f 773/912/773 811/913/811 809/907/809
f 811/913/811 801/898/801 803/900/803
f 782/878/782 958/1067/958 814/914/814
f 815/915/815 821/923/821 789/885/789
f 779/875/779 808/906/808 816/916/816
f 808/906/808 798/895/798 799/896/799
f 763/857/763 760/854/760 817/917/817
f 818/918/818 817/917/817 792/888/792
f 765/919/765 763/857/763 818/918/818
f 819/920/819 818/918/818 797/894/797
f 760/854/760 778/874/778 816/916/816
f 817/917/817 816/916/816 799/896/799
f 820/921/820 765/859/765 819/922/819
f 821/923/821 819/922/819 795/924/795
f 767/862/767 814/914/814 822/925/822
f 815/915/815 800/897/800 787/883/787
f 780/876/780 770/865/770 822/925/822
f 825/928/825 823/926/823 787/883/787
f 826/929/826 906/1012/906 827/930/827
f 829/932/829 835/938/835 830/933/830
f 832/935/832 831/934/831 830/933/830
f 834/937/834 907/1013/907 835/938/835
f 828/931/828 827/930/827 836/939/836
f 838/941/838 828/931/828 837/940/837
f 840/943/840 842/945/842 834/937/834
f 841/944/841 843/946/843 831/934/831
f 839/942/839 837/940/837 834/937/834
f 840/943/840 829/932/829 831/934/831
f 844/947/844 826/929/826 828/931/828
f 806/948/806 881/985/881 845/949/845
f 796/892/796 794/890/794 846/950/846
f 807/905/807 850/954/850 848/952/848
f 790/893/790 796/892/796 847/951/847
f 794/890/794 793/889/793 848/952/848
f 802/899/802 845/949/845 850/954/850
f 851/955/851 867/971/867 852/956/852
f 854/958/854 907/1013/907 836/939/836
f 851/955/851 853/957/853 858/962/858
f 860/964/860 864/968/864 861/965/861
f 863/967/863 869/973/869 861/965/861
f 865/969/865 859/963/859 858/962/858
f 860/964/860 862/966/862 852/956/852
f 863/967/863 870/974/870 868/972/868
f 870/974/870 902/1008/902 871/975/871
f 852/956/852 862/966/862 872/976/872
f 858/962/858 853/957/853 874/978/874
f 868/972/868 878/982/878 876/980/876
f 868/972/868 871/975/871 877/981/877
f 852/956/852 873/977/873 874/978/874
f 861/965/861 879/983/879 872/976/872
f 869/973/869 876/980/876 879/983/879
f 858/962/858 875/979/875 880/984/880
f 881/985/881 844/947/844 838/941/838
f 885/989/885 995/1105/995 886/990/886
f 886/990/886 995/1105/995 888/992/888
f 889/993/889 888/992/888 890/994/890
f 892/996/892 885/989/885 887/991/887
f 882/986/882 884/988/884 892/996/892
f 826/998/826 844/1006/844 883/987/883
f 895/1000/895 882/986/882 893/997/893
f 893/997/893 887/991/887 897/1002/897
f 889/993/889 891/995/891 898/1003/898
f 886/990/886 889/993/889 899/1004/899
f 887/991/887 886/990/886 900/1005/900
f 894/999/894 883/987/883 882/986/882
f 847/951/847 846/950/846 840/943/840
f 850/954/850 839/942/839 842/945/842
f 847/951/847 843/946/843 841/944/841
f 846/950/846 848/952/848 842/945/842
f 845/949/845 838/941/838 839/942/839
f 844/1006/844 881/1184/881 884/988/884
f 901/1007/901 968/1077/968 902/1008/902
f 855/959/855 901/1007/901 870/974/870
f 903/1009/903 860/964/860 867/971/867
f 905/1011/905 856/960/856 859/963/859
f 854/958/854 855/959/855 863/967/863
f 854/958/854 864/968/864 860/964/860
f 857/961/857 851/955/851 859/963/859
f 904/1010/904 867/971/867 851/955/851
f 906/1012/906 968/1077/968 901/1007/901
f 833/936/833 830/933/830 856/960/856
f 835/938/835 907/1013/907 903/1009/903
f 835/938/835 904/1010/904 857/961/857
f 836/939/836 827/930/827 901/1007/901
f 907/1013/907 834/937/834 837/940/837
f 758/852/758 931/1038/931 908/1014/908
f 759/853/759 758/852/758 909/1015/909
f 911/1017/911 922/1028/922 912/1018/912
f 759/853/759 910/1016/910 914/1020/914
f 916/1022/916 928/1185/928 917/1023/917
f 919/1025/919 933/1041/933 920/1026/920
f 922/1028/922 919/1025/919 921/1027/921
f 915/1021/915 914/1020/914 923/1029/923
f 925/1031/925 932/1040/932 926/1032/926
f 924/1030/924 923/1029/923 928/1034/928
f 929/1036/929 925/1031/925 927/1033/927
f 931/1038/931 929/1042/929 930/1039/930
f 766/860/766 783/879/783 932/1040/932
f 771/866/771 781/877/781 933/1041/933
f 924/1030/924 776/872/776 777/873/777
f 915/1021/915 777/873/777 757/851/757
f 916/1035/916 774/870/774 776/872/776
f 918/1024/918 772/867/772 774/869/774
f 768/863/768 771/866/771 919/1025/919
f 769/864/769 768/863/768 922/1028/922
f 764/861/764 766/860/766 925/1031/925
f 761/855/761 764/858/764 929/1042/929
f 762/856/762 761/855/761 931/1038/931
f 778/874/778 760/854/760 762/856/762
f 934/1043/934 947/1056/947 935/1044/935
f 937/1046/937 951/1060/951 938/1047/938
f 940/1049/940 953/1062/953 941/1050/941
f 943/1052/943 949/1058/949 944/1053/944
f 935/1044/935 755/849/755 753/847/753
f 946/1055/946 746/840/746 742/836/742
f 900/1005/900 752/846/752 749/843/749
f 947/1056/947 735/829/735 732/826/732
f 934/1043/934 956/1065/956 747/841/747
f 899/1004/899 898/1003/898 948/1057/948
f 940/1049/940 741/835/741 738/832/738
f 938/1047/938 1020/1132/1020 756/850/756
f 939/1048/939 756/850/756 755/849/755
f 949/1058/949 943/1052/943 738/832/738
f 900/1005/900 899/1004/899 751/845/751
f 951/1060/951 937/1046/937 732/826/732
f 940/1049/940 943/1052/943 945/1054/945
f 947/1056/947 937/1046/937 939/1048/939
f 947/1056/947 934/1043/934 736/830/736
f 897/1002/897 749/843/749 750/844/750
f 942/1051/942 742/836/742 741/835/741
f 954/1063/954 936/1045/936 753/847/753
f 942/1051/942 941/1050/941 955/1064/955
f 934/1043/934 936/1045/936 954/1063/954
f 933/1041/933 781/877/781 772/867/772
f 813/911/813 957/1066/957 780/876/780
f 822/925/822 814/914/814 815/915/815
f 957/1066/957 810/908/810 772/867/772
f 783/879/783 782/878/782 767/862/767
f 783/879/783 769/864/769 911/1017/911
f 824/927/824 822/925/822 823/926/823
f 958/1067/958 821/923/821 815/915/815
f 932/1040/932 911/1017/911 913/1019/913
f 920/1026/920 933/1041/933 918/1024/918
f 958/1067/958 782/878/782 820/921/820
f 813/911/813 824/927/824 825/928/825
f 866/970/866 880/984/880 959/1068/959
f 849/953/849 964/1073/964 961/1070/961
f 865/969/865 866/970/866 960/1069/960
f 849/953/849 841/944/841 963/1072/963
f 841/944/841 832/935/832 965/1074/965
f 832/935/832 833/936/833 966/1075/966
f 905/1011/905 865/969/865 962/1071/962
f 968/1077/968 906/1012/906 969/1078/969
f 877/981/877 871/975/871 971/1080/971
f 902/1008/902 968/1077/968 971/1080/971
f 973/1082/973 971/1080/971 968/1077/968
f 876/980/876 878/982/878 974/1083/974
f 874/978/874 873/977/873 976/1085/976
f 872/976/872 879/983/879 978/1087/978
f 876/980/876 975/1084/975 978/1087/978
f 872/976/872 979/1088/979 976/1085/976
f 874/978/874 977/1086/977 980/1089/980
f 980/1089/980 959/1068/959 880/984/880
f 877/981/877 972/1081/972 974/1083/974
f 805/902/805 786/882/786 981/1090/981
f 785/881/785 788/884/788 983/1092/983
f 788/884/788 791/887/791 985/1094/985
f 786/882/786 785/881/785 984/1093/984
f 805/902/805 982/1091/982 986/1095/986
f 806/948/806 986/1186/986 987/1096/987
f 791/887/791 790/886/790 961/1097/961
f 891/995/891 890/994/890 988/1098/988
f 898/1003/898 891/995/891 989/1099/989
f 888/992/888 995/1105/995 991/1101/991
f 884/988/884 996/1107/996 993/1103/993
f 892/996/892 993/1103/993 994/1104/994
f 995/1105/995 885/989/885 994/1104/994
f 884/988/884 881/1184/881 987/1106/987
f 888/992/888 992/1102/992 988/1098/988
f 894/999/894 895/1000/895 997/1108/997
f 894/999/894 998/1109/998 999/1110/999
f 999/1111/999 969/1078/969 906/1012/906
f 997/1108/997 895/1000/895 896/1001/896
f 951/1060/951 1019/1131/1019 1001/1113/1001
f 944/1053/944 949/1058/949 1002/1114/1002
f 1004/1116/1004 1016/1128/1016 946/1055/946
f 956/1065/956 954/1063/954 1005/1117/1005
f 945/1054/945 1009/1121/1009 1007/1119/1007
f 953/1062/953 1007/1119/1007 1008/1120/1008
f 941/1050/941 1008/1120/1008 1004/1116/1004
f 945/1054/945 944/1053/944 1003/1115/1003
f 1010/1122/1010 896/1001/896 750/844/750
f 1011/1123/1011 951/1060/951 952/1061/952
f 1012/1124/1012 949/1058/949 950/1059/950
f 954/1063/954 754/848/754 745/839/745
f 1011/1123/1011 898/1003/898 990/1100/990
f 938/1047/938 1001/1113/1001 1015/1127/1015
f 1013/1125/1013 946/1055/946 1016/1128/1016
f 956/1065/956 1006/1118/1006 1018/1130/1018
f 1010/1122/1010 1018/1130/1018 1000/1112/1000
f 951/1060/951 1011/1123/1011 1014/1126/1014
f 1011/1123/1011 731/825/731 948/1057/948
f 1010/1122/1010 748/842/748 747/841/747
f 954/1063/954 1013/1125/1013 1017/1129/1017
f 949/1058/949 1012/1124/1012 1015/1127/1015
f 1013/1125/1013 745/839/745 746/840/746
f 1012/1124/1012 737/831/737 1020/1132/1020
f 833/936/833 905/1011/905 967/1076/967
f 1021/1133/1021 1031/1187/1031 1022/1134/1022
f 1024/1136/1024 1045/1159/1045 1025/1137/1025
f 1027/1139/1027 1048/1163/1048 1028/1140/1028
f 1030/1142/1030 1040/1154/1040 1031/1143/1031
f 1032/1145/1032 1038/1161/1038 1033/1146/1033
f 1035/1148/1035 1044/1158/1044 1036/1149/1036
f 1038/1151/1038 1024/1136/1024 1026/1138/1026
f 1039/1153/1039 1047/1162/1047 1040/1154/1040
f 1041/1155/1041 1046/1160/1046 1042/1156/1042
f 1023/1135/1023 1022/1134/1022 1044/1158/1044
f 1045/1159/1045 1037/1150/1037 1036/1149/1036
f 1029/1141/1029 1028/1140/1028 1046/1160/1046
f 927/1033/927 1030/1142/1030 1021/1144/1021
f 917/1023/917 928/1185/928 1038/1161/1038
f 910/1016/910 909/1015/909 1035/1148/1035
f 928/1034/928 923/1029/923 1024/1136/1024
f 927/1033/927 926/1032/926 1039/1153/1039
f 913/1019/913 912/1018/912 1041/1155/1041
f 909/1015/909 908/1014/908 1023/1135/1023
f 914/1020/914 910/1016/910 1037/1150/1037
f 912/1018/912 921/1027/921 1029/1141/1029
f 908/1014/908 930/1039/930 1021/1133/1021
f 923/1029/923 914/1020/914 1045/1159/1045
f 920/1026/920 1027/1139/1027 1029/1141/1029
f 1039/1153/1039 1043/1157/1043 1042/1156/1042
f 926/1032/926 913/1019/913 1043/1157/1043
f 920/1026/920 917/1023/917 1032/1145/1032
f 1027/1139/1027 1032/1145/1032 1034/1147/1034
